<?xml version="1.0" encoding="utf-8"?>

<kml>
	<Document>
		<name>
			Geofences
		</name>
		<Placemark>
			<name>
				8768 пахта очик 2026
			</name>
			<description>
				Afshona, Buxoro Viloyati, Узбекистан
			</description>
			<Style>
				<LineStyle>
					<color>
						990ac2ff
					</color>
					<width>
						50.0
					</width>
				</LineStyle>
				<PolyStyle>
					<color>
						990ac2ff
					</color>
				</PolyStyle>
			</Style>
			<Polygon>
				<outerBoundaryIs>
					<LinearRing>
						<coordinates>
							64.3956719999,40.0001125463,0 64.3961279754,39.9999604992,0 64.3966697816,39.9998166706,0 64.3970613841,39.9996728417,0 64.3968629007,39.9993646358,0 64.3965249423,39.998986568,0 64.3963747386,39.9988139712,0 64.3962728147,39.9987317821,0 64.3959133987,39.9982468642,0 64.395661271,39.9983167254,0 64.395301855,39.9985221993,0 64.3948941593,39.9987194537,0 64.3946313028,39.998830409,0 64.3949746255,39.9992947756,0 64.3951141004,39.9994386053,0 64.3953179483,39.9997139357,0 64.3955110673,39.9999810461,0 64.3956719999,40.0001125463,0
						</coordinates>
					</LinearRing>
				</outerBoundaryIs>
			</Polygon>
		</Placemark>
		<Placemark>
			<name>
				8692 пахта очик 2026
			</name>
			<description>
				Янгибазар, 5, Yangibozor, Buxoro Viloyati, Узбекистан
			</description>
			<Style>
				<LineStyle>
					<color>
						990ac2ff
					</color>
					<width>
						10.0
					</width>
				</LineStyle>
				<PolyStyle>
					<color>
						990ac2ff
					</color>
				</PolyStyle>
			</Style>
			<Polygon>
				<outerBoundaryIs>
					<LinearRing>
						<coordinates>
							64.4025809856,40.0125696133,0 64.4031442495,40.0124627889,0 64.4035948606,40.0123477471,0 64.4042332264,40.0121916187,0 64.4041205736,40.0119820772,0 64.4039274545,40.0116410575,0 64.4037396999,40.0112918186,0 64.4035036655,40.0108480773,0 64.4030262323,40.0101167195,0 64.4027258249,40.0095538152,0 64.4023771377,40.0094839654,0 64.4019265266,40.0094387684,0 64.4016422125,40.0093648097,0 64.4012506099,40.0093072863,0 64.4008268209,40.0093155039,0 64.4008375497,40.0094428773,0 64.4024146886,40.0122861175,0 64.4025809856,40.0125696133,0
						</coordinates>
					</LinearRing>
				</outerBoundaryIs>
			</Polygon>
		</Placemark>
		<Placemark>
			<name>
				8827 пахта очик 2026
			</name>
			<description>
				Afshona, Buxoro Viloyati, Узбекистан
			</description>
			<Style>
				<LineStyle>
					<color>
						990ac2ff
					</color>
					<width>
						50.0
					</width>
				</LineStyle>
				<PolyStyle>
					<color>
						990ac2ff
					</color>
				</PolyStyle>
			</Style>
			<Polygon>
				<outerBoundaryIs>
					<LinearRing>
						<coordinates>
							64.3671383352,40.0004267306,0 64.3675245733,40.0003774183,0 64.3678303452,40.0003116685,0 64.3680878372,40.0002829029,0 64.3683399649,40.0002582467,0 64.3685706349,40.000217153,0 64.3686028214,40.0001144187,0 64.368559906,39.9998144336,0 64.3684365244,39.9994158213,0 64.3683238716,39.9988980327,0 64.3682058544,39.998499415,0 64.3679912777,39.9985076339,0 64.3675728531,39.9985774949,0 64.3671276064,39.9986637937,0 64.3668379278,39.9987172167,0 64.366467783,39.9988035153,0 64.3666877241,39.9993336329,0 64.3668325634,39.9997075893,0 64.366891572,39.9999048402,0 64.3669720383,40.0001514031,0 64.3671383352,40.0004267306,0
						</coordinates>
					</LinearRing>
				</outerBoundaryIs>
			</Polygon>
		</Placemark>
		<Placemark>
			<name>
				8829 пахта очик 2026
			</name>
			<description>
				Afshona, Buxoro Viloyati, Узбекистан
			</description>
			<Style>
				<LineStyle>
					<color>
						990ac2ff
					</color>
					<width>
						50.0
					</width>
				</LineStyle>
				<PolyStyle>
					<color>
						990ac2ff
					</color>
				</PolyStyle>
			</Style>
			<Polygon>
				<outerBoundaryIs>
					<LinearRing>
						<coordinates>
							64.3655237457,40.0006588056,0 64.3657705089,40.0006218215,0 64.3660870096,40.0005766187,0 64.3664249679,40.0005355252,0 64.366709282,40.0004944317,0 64.3670096895,40.0004122446,0 64.3670311471,40.0003095105,0 64.3669506809,40.000038292,0 64.3668702146,39.999836932,0 64.3667307397,39.9995205081,0 64.3665429851,39.9990397052,0 64.3664625188,39.9988794369,0 64.3663659593,39.9988095762,0 64.3662533065,39.9987561533,0 64.366028001,39.99878081,0 64.3657597801,39.9988219046,0 64.3653038045,39.9989040936,0 64.3650838634,39.9989492975,0 64.3649443885,39.9989903919,0 64.3650194904,39.9992903807,0 64.3651643297,39.9996889937,0 64.3652608892,39.9999191198,0 64.3653789064,40.0002437607,0 64.3654647371,40.0004944317,0 64.3655237457,40.0006588056,0
						</coordinates>
					</LinearRing>
				</outerBoundaryIs>
			</Polygon>
		</Placemark>
		<Placemark>
			<name>
				8468 пахта очик 2026
			</name>
			<description>
				&amp;lt;b&amp;gt;{&quot;xtype&quot; :&quot;uzdata.fields2006&quot;,&quot;xid&quot; : 1500,&quot;culture&quot; :&quot;Õëîïîê&quot;}&amp;lt;/b&amp;gt;
			</description>
			<Style>
				<LineStyle>
					<color>
						990ac2ff
					</color>
					<width>
						10.0
					</width>
				</LineStyle>
				<PolyStyle>
					<color>
						990ac2ff
					</color>
				</PolyStyle>
			</Style>
			<Polygon>
				<outerBoundaryIs>
					<LinearRing>
						<coordinates>
							64.4355052596,40.0112114623,0 64.4347864275,40.0106280233,0 64.4342875367,40.0102623442,0 64.4341319685,40.0100774495,0 64.4344422775,40.0099973475,0 64.4352040249,40.0099233894,0 64.4357565599,40.0098699752,0 64.437451716,40.0097261674,0 64.438455202,40.0096473545,0 64.4386058932,40.0098391401,0 64.438737,40.010069,0 64.438874,40.010238,0 64.438936,40.010328,0 64.4390345592,40.0104978713,0 64.4399840612,40.0117633548,0 64.440004,40.011837,0 64.4399845486,40.0120208729,0 64.439623,40.012135,0 64.43909,40.012259,0 64.44004273,40.0122900087,0 64.43888,40.012292,0 64.438602,40.012288,0 64.43853,40.012287,0 64.438044,40.012303,0 64.437724,40.012299,0 64.437171,40.012243,0 64.4369751101,40.0122180883,0 64.4368249064,40.0122139796,0 64.436664,40.012215,0 64.4365025539,40.0122194161,0 64.4363206511,40.012103046,0 64.4356608277,40.0113717017,0 64.4355052596,40.0112114623,0
						</coordinates>
					</LinearRing>
				</outerBoundaryIs>
			</Polygon>
		</Placemark>
		<Placemark>
			<name>
				8830 пахта очик 2026
			</name>
			<description>
				Afshona, Buxoro Viloyati, Узбекистан
			</description>
			<Style>
				<LineStyle>
					<color>
						990ac2ff
					</color>
					<width>
						50.0
					</width>
				</LineStyle>
				<PolyStyle>
					<color>
						990ac2ff
					</color>
				</PolyStyle>
			</Style>
			<Polygon>
				<outerBoundaryIs>
					<LinearRing>
						<coordinates>
							64.3647244474,40.0008067418,0 64.3648853799,40.0008231791,0 64.3651911517,40.0007409924,0 64.3654861947,40.0006793523,0 64.3654432794,40.0004656662,0 64.3652555248,40.0000136357,0 64.3651696941,39.9997752911,0 64.3650731345,39.9995657116,0 64.3650141259,39.9993766785,0 64.3648961088,39.9993643503,0 64.3646708032,39.9994095539,0 64.3644079467,39.9994835234,0 64.3641880056,39.9995821492,0 64.3642952939,39.9998451508,0 64.3644079467,40.0000876045,0 64.3644669553,40.0002643075,0 64.364552786,40.0004944317,0 64.3646064302,40.0006218215,0 64.3646493455,40.000724555,0 64.3647244474,40.0008067418,0
						</coordinates>
					</LinearRing>
				</outerBoundaryIs>
			</Polygon>
		</Placemark>
		<Placemark>
			<name>
				8435 пахта очик 2026
			</name>
			<description>
				Yangibozor, Buxoro Viloyati, Uzbekistan
			</description>
			<Style>
				<LineStyle>
					<color>
						990ac2ff
					</color>
					<width>
						10.0
					</width>
				</LineStyle>
				<PolyStyle>
					<color>
						990ac2ff
					</color>
				</PolyStyle>
			</Style>
			<Polygon>
				<outerBoundaryIs>
					<LinearRing>
						<coordinates>
							64.4367628642,40.0291779866,0 64.4372939416,40.0290095737,0 64.4376774975,40.0288699139,0 64.438004727,40.0287425768,0 64.4385545799,40.0285187094,0 64.4389703223,40.0283564564,0 64.4392009922,40.0282455491,0 64.4397964426,40.0280381108,0 64.4402202317,40.0278471027,0 64.4404830881,40.0277752178,0 64.4401612231,40.027311045,0 64.4399707862,40.0270543108,0 64.4396998831,40.0266599653,0 64.4393941113,40.0262163239,0 64.4391527125,40.0258897526,0 64.4387959787,40.0254091355,0 64.4383882829,40.0248730586,0 64.4380691,40.024408866,0 64.4379457184,40.0244006501,0 64.4375970312,40.0247950087,0 64.437234933,40.0252858998,0 64.4367735931,40.0258466205,0 64.4364383169,40.0263190189,0 64.4360842654,40.0267811446,0 64.4359313794,40.0269310781,0 64.4357597181,40.0270810112,0 64.435668523,40.0271734356,0 64.4356631585,40.0272658598,0 64.4362183758,40.0282640336,0 64.4365724274,40.0289438515,0 64.4366904446,40.0291574484,0 64.4367628642,40.0291779866,0
						</coordinates>
					</LinearRing>
				</outerBoundaryIs>
			</Polygon>
		</Placemark>
		<Placemark>
			<name>
				8436 пахта очик 2026
			</name>
			<description>
				Yangibozor, Buxoro Viloyati, Uzbekistan
			</description>
			<Style>
				<LineStyle>
					<color>
						990ac2ff
					</color>
					<width>
						10.0
					</width>
				</LineStyle>
				<PolyStyle>
					<color>
						990ac2ff
					</color>
				</PolyStyle>
			</Style>
			<Polygon>
				<outerBoundaryIs>
					<LinearRing>
						<coordinates>
							64.4378150239,40.0312495011,0 64.4383192792,40.0311817272,0 64.438906683,40.0310934158,0 64.4395530954,40.0309845667,0 64.4401860967,40.0309209002,0 64.4408539667,40.030818212,0 64.441409184,40.030748384,0 64.4419080749,40.0306662334,0 64.4419027105,40.0305655986,0 64.4417927399,40.0302862852,0 64.4417390957,40.0301076061,0 64.4416049853,40.0298714204,0 64.4415298834,40.0296968479,0 64.441460146,40.0295612971,0 64.4413394466,40.0293333248,0 64.4412562981,40.0291710737,0 64.4412053361,40.0290129299,0 64.4411355987,40.0289102389,0 64.4410819545,40.0288178169,0 64.4410417214,40.0287233409,0 64.4410256281,40.0286247572,0 64.4409666195,40.0284625044,0 64.4409263864,40.0282673899,0 64.4407708183,40.0280784363,0 64.4406554833,40.0279243977,0 64.4405535593,40.027891536,0 64.439856185,40.0281236209,0 64.4393707052,40.028304359,0 64.4388771787,40.0284892043,0 64.4382093087,40.0287336101,0 64.4378096595,40.0288958622,0 64.4375709429,40.0289759612,0 64.4373510018,40.029045791,0 64.437123014,40.0291484818,0 64.4368306532,40.0292511724,0 64.4368038311,40.0293210019,0 64.4371927514,40.0300788531,0 64.4373885527,40.030481394,0 64.437611176,40.0308798249,0 64.4378150239,40.0312495011,0
						</coordinates>
					</LinearRing>
				</outerBoundaryIs>
			</Polygon>
		</Placemark>
		<Placemark>
			<name>
				8569 пахта очик 2026
			</name>
			<description/>
			<Style>
				<LineStyle>
					<color>
						990ac2ff
					</color>
					<width>
						10.0
					</width>
				</LineStyle>
				<PolyStyle>
					<color>
						990ac2ff
					</color>
				</PolyStyle>
			</Style>
			<Polygon>
				<outerBoundaryIs>
					<LinearRing>
						<coordinates>
							64.4030304216,40.016604755,0 64.402971413,40.0164322026,0 64.4027139209,40.0159884947,0 64.4024403356,40.0155242416,0 64.4023478874,40.0154197221,0 64.4018663429,40.0156392781,0 64.4024819978,40.0167549568,0 64.4030304216,40.016604755,0
						</coordinates>
					</LinearRing>
				</outerBoundaryIs>
			</Polygon>
		</Placemark>
		<Placemark>
			<name>
				8571 пахта очик 2026
			</name>
			<description/>
			<Style>
				<LineStyle>
					<color>
						990ac2ff
					</color>
					<width>
						10.0
					</width>
				</LineStyle>
				<PolyStyle>
					<color>
						990ac2ff
					</color>
				</PolyStyle>
			</Style>
			<Polygon>
				<outerBoundaryIs>
					<LinearRing>
						<coordinates>
							64.4002945684,40.0164157691,0 64.4009275697,40.0174962683,0 64.401625,40.018622,0 64.401813,40.018663,0 64.402317,40.018638,0 64.402864,40.018573,0 64.403513,40.018454,0 64.403379,40.018232,0 64.404114034,40.0179851577,0 64.404607,40.017858,0 64.404629,40.017652,0 64.404618,40.017509,0 64.404527,40.017316,0 64.404414,40.017094,0 64.40428,40.016855,0 64.403588,40.017081,0 64.4032503627,40.0171758178,0 64.4030035995,40.0172826348,0 64.4028212093,40.0173565849,0 64.4026656412,40.017073109,0 64.4023759626,40.0166417304,0 64.402188208,40.0162843003,0 64.4019468091,40.0158857841,0 64.401855614,40.0156680372,0 64.4015391134,40.0158036155,0 64.4012869857,40.0159391936,0 64.401078,40.016034,0 64.400906112,40.0161158556,0 64.4007666372,40.0161733734,0 64.4003,40.016379,0 64.4002945684,40.0164157691,0
						</coordinates>
					</LinearRing>
				</outerBoundaryIs>
			</Polygon>
		</Placemark>
		<Placemark>
			<name>
				8545 пахта очик 2026
			</name>
			<description>
				40.017986432526335, 64.38841137249634
			</description>
			<Style>
				<LineStyle>
					<color>
						990ac2ff
					</color>
					<width>
						50.0
					</width>
				</LineStyle>
				<PolyStyle>
					<color>
						990ac2ff
					</color>
				</PolyStyle>
			</Style>
			<Polygon>
				<outerBoundaryIs>
					<LinearRing>
						<coordinates>
							64.389877529,40.017790856,0 64.390531988,40.0190356631,0 64.3907787512,40.0194341609,0 64.3910077508,40.0193996731,0 64.3912759717,40.0193298334,0 64.3915066417,40.0191860456,0 64.3913671668,40.0188861443,0 64.3911472257,40.0184342358,0 64.3908699464,40.0179223218,0 64.3907412003,40.0176922564,0 64.3906285475,40.0174539736,0 64.3898399781,40.0176758231,0 64.389877529,40.017790856,0
						</coordinates>
					</LinearRing>
				</outerBoundaryIs>
			</Polygon>
		</Placemark>
		<Placemark>
			<name>
				8542 пахта очик 2026
			</name>
			<description>
				40.01653622560697, 64.38675371721705
			</description>
			<Style>
				<LineStyle>
					<color>
						990ac2ff
					</color>
					<width>
						50.0
					</width>
				</LineStyle>
				<PolyStyle>
					<color>
						990ac2ff
					</color>
				</PolyStyle>
			</Style>
			<Polygon>
				<outerBoundaryIs>
					<LinearRing>
						<coordinates>
							64.3867537172,40.0165362256,0 64.3874779137,40.0163965403,0 64.3870442958,40.0152523308,0 64.3876451106,40.0151372937,0 64.3881064505,40.0150304734,0 64.3883898647,40.0150078884,0 64.3883469494,40.0147737047,0 64.3883469494,40.0147531622,0 64.3882074745,40.0142519241,0 64.388534704,40.0141204511,0 64.3887385519,40.014050606,0 64.3889477642,40.0139232413,0 64.389189163,40.0138246361,0 64.389484206,40.0137794421,0 64.3895807655,40.013697271,0 64.389548579,40.013537037,0 64.3894895704,40.0134014541,0 64.389419833,40.0132042422,0 64.3893447311,40.0131426134,0 64.3887814672,40.0131919164,0 64.388304034,40.0132124594,0 64.3879017027,40.0132371109,0 64.3877085836,40.0132412195,0 64.3875261934,40.013265871,0 64.3873491676,40.0132740882,0 64.3871453197,40.0133110654,0 64.3870273025,40.0133110654,0 64.3867805393,40.0133028482,0 64.3863460214,40.0133316083,0 64.3861046226,40.0133603684,0 64.3857559355,40.0134055627,0 64.385686198,40.0135288199,0 64.3860778005,40.0147367283,0 64.3863996656,40.0156488082,0 64.3866839798,40.0164088655,0 64.3867537172,40.0165362256,0
						</coordinates>
					</LinearRing>
				</outerBoundaryIs>
			</Polygon>
		</Placemark>
		<Placemark>
			<name>
				8707 пахта очик 2026
			</name>
			<description>
				40.01201279888574, 64.39104517647898
			</description>
			<Style>
				<LineStyle>
					<color>
						990ac2ff
					</color>
					<width>
						50.0
					</width>
				</LineStyle>
				<PolyStyle>
					<color>
						990ac2ff
					</color>
				</PolyStyle>
			</Style>
			<Polygon>
				<outerBoundaryIs>
					<LinearRing>
						<coordinates>
							64.3911243149,40.0119740161,0 64.3914569089,40.0119493641,0 64.3920644159,40.0119224083,0 64.3929535815,40.0118219954,0 64.3932875032,40.0117827136,0 64.3931158418,40.0111664098,0 64.3929441805,40.0105911879,0 64.3928583498,40.0102296173,0 64.392819471,40.0101004405,0 64.3926370808,40.0096320386,0 64.3925941655,40.009340313,0 64.3923795888,40.0092375924,0 64.3917358586,40.0092375924,0 64.3909419247,40.009270463,0 64.3908829161,40.0095128832,0 64.3909794757,40.0102606825,0 64.3911243149,40.0119740161,0
						</coordinates>
					</LinearRing>
				</outerBoundaryIs>
			</Polygon>
		</Placemark>
		<Placemark>
			<name>
				8706 пахта очик 2026
			</name>
			<description>
				40.00918206563024, 64.38841099668522
			</description>
			<Style>
				<LineStyle>
					<color>
						990ac2ff
					</color>
					<width>
						50.0
					</width>
				</LineStyle>
				<PolyStyle>
					<color>
						990ac2ff
					</color>
				</PolyStyle>
			</Style>
			<Polygon>
				<outerBoundaryIs>
					<LinearRing>
						<coordinates>
							64.3890375563,40.0091184363,0 64.3896233552,40.0091081067,0 64.3908679001,40.0091081067,0 64.3919944279,40.0091081067,0 64.3925523274,40.0090588006,0 64.3922347495,40.0080378045,0 64.3919826218,40.0072530003,0 64.391741223,40.0066982903,0 64.3915641972,40.0063079361,0 64.3915223591,40.0060017571,0 64.3913871714,40.0059052527,0 64.391253061,40.0059422339,0 64.3910277554,40.0059997602,0 64.3908990094,40.0057244552,0 64.3905127713,40.0058436172,0 64.3902767369,40.0060079783,0 64.3903089234,40.006196993,0 64.3902606436,40.0063038271,0 64.3899548718,40.0063613531,0 64.3896169135,40.006476405,0 64.3893272349,40.0066284376,0 64.3890697428,40.0068133416,0 64.388763971,40.0069694824,0 64.3886191317,40.007113296,0 64.3886244961,40.0072530003,0 64.3885762164,40.0073310702,0 64.3881524274,40.0075406259,0 64.3890375563,40.0091184363,0
						</coordinates>
					</LinearRing>
				</outerBoundaryIs>
			</Polygon>
		</Placemark>
		<Placemark>
			<name>
				8720 пахта очик 2026
			</name>
			<description>
				40.01163530007684, 64.38093796150449
			</description>
			<Style>
				<LineStyle>
					<color>
						990ac2ff
					</color>
					<width>
						50.0
					</width>
				</LineStyle>
				<PolyStyle>
					<color>
						990ac2ff
					</color>
				</PolyStyle>
			</Style>
			<Polygon>
				<outerBoundaryIs>
					<LinearRing>
						<coordinates>
							64.3809111394,40.0116394088,0 64.3813885726,40.0114873874,0 64.3818073986,40.0113249595,0 64.3820005177,40.0112838725,0 64.3823170183,40.011135959,0 64.3826764343,40.0109428493,0 64.3829339264,40.0106429117,0 64.3830734013,40.0104908881,0 64.3828320025,40.0100635767,0 64.3827247141,40.0097430913,0 64.382633519,40.0095499776,0 64.3825258292,40.0092850933,0 64.3824131765,40.0090385635,0 64.3822955607,40.0087487554,0 64.382043433,40.0087816262,0 64.3818395851,40.008814497,0 64.3815981863,40.0088473679,0 64.3813192366,40.0089090006,0 64.3809920071,40.0089624156,0 64.3806379555,40.0090158305,0 64.3804072855,40.0090569189,0 64.3802356241,40.0091021161,0 64.3799459456,40.0091719662,0 64.3798489846,40.009223461,0 64.3799991883,40.0096302337,0 64.3804609297,40.0106346943,0 64.3807663001,40.0112778438,0 64.3809111394,40.0116394088,0
						</coordinates>
					</LinearRing>
				</outerBoundaryIs>
			</Polygon>
		</Placemark>
		<Placemark>
			<name>
				8728 пахта очик 2026
			</name>
			<description>
				40.01273649480712, 64.37669460662805
			</description>
			<Style>
				<LineStyle>
					<color>
						990ac2ff
					</color>
					<width>
						50.0
					</width>
				</LineStyle>
				<PolyStyle>
					<color>
						990ac2ff
					</color>
				</PolyStyle>
			</Style>
			<Polygon>
				<outerBoundaryIs>
					<LinearRing>
						<coordinates>
							64.3766946066,40.0127364948,0 64.3770432938,40.0126789742,0 64.3780040262,40.0124466257,0 64.3785238732,40.0123091974,0 64.3790447233,40.0122042159,0 64.3795650719,40.0120768477,0 64.37995131,40.0119453705,0 64.3804233788,40.0118180019,0 64.3808418034,40.011702959,0 64.3807398794,40.0113660465,0 64.3803316821,40.0105260236,0 64.3798488844,40.0094823934,0 64.3797362317,40.0092481907,0 64.3795967568,40.0092687348,0 64.3793129442,40.0093445369,0 64.3791139592,40.0093509112,0 64.3788194178,40.0093774075,0 64.3784492729,40.0093774075,0 64.3778913735,40.0094390397,0 64.3772637365,40.0095499776,0 64.3765931843,40.0096321537,0 64.3761425732,40.0096773505,0 64.3757670639,40.0097389825,0 64.3755846737,40.0097841793,0 64.3755412568,40.0098768382,0 64.3759060372,40.0107561132,0 64.3761098851,40.0112943554,0 64.3762391327,40.011715285,0 64.376442479,40.0122352418,0 64.3766248692,40.012637888,0 64.3766946066,40.0127364948,0
						</coordinates>
					</LinearRing>
				</outerBoundaryIs>
			</Polygon>
		</Placemark>
		<Placemark>
			<name>
				8730 пахта очик 2026
			</name>
			<description>
				40.01319260722591, 64.37311646464086
			</description>
			<Style>
				<LineStyle>
					<color>
						990ac2ff
					</color>
					<width>
						50.0
					</width>
				</LineStyle>
				<PolyStyle>
					<color>
						990ac2ff
					</color>
				</PolyStyle>
			</Style>
			<Polygon>
				<outerBoundaryIs>
					<LinearRing>
						<coordinates>
							64.3733373596,40.013137556,0 64.3737709236,40.0131022182,0 64.374135679,40.0130652601,0 64.3741571367,40.0129995225,0 64.374135679,40.0128844816,0 64.3741018886,40.0127656197,0 64.37404288,40.0125848404,0 64.3739892358,40.0124287125,0 64.3739087695,40.0122232805,0 64.3738658542,40.0120835863,0 64.3738336677,40.0119356746,0 64.3737371082,40.0115741112,0 64.3735654468,40.0110728496,0 64.3734581584,40.0107112817,0 64.3733025903,40.01018947,0 64.3732060308,40.0100744243,0 64.3728948945,40.0101155121,0 64.3725140209,40.01018947,0 64.3722483828,40.0102491548,0 64.3733373596,40.013137556,0
						</coordinates>
					</LinearRing>
				</outerBoundaryIs>
			</Polygon>
		</Placemark>
		<Placemark>
			<name>
				8733 пахта очик 2026
			</name>
			<description>
				40.00990166358978, 64.3736312984484
			</description>
			<Style>
				<LineStyle>
					<color>
						990ac2ff
					</color>
					<width>
						50.0
					</width>
				</LineStyle>
				<PolyStyle>
					<color>
						990ac2ff
					</color>
				</PolyStyle>
			</Style>
			<Polygon>
				<outerBoundaryIs>
					<LinearRing>
						<coordinates>
							64.3736312984,40.0099016636,0 64.3739116021,40.0099017403,0 64.3743072151,40.0098523581,0 64.3749254771,40.0097866942,0 64.3756697773,40.0096797887,0 64.3762384056,40.0095893951,0 64.3767104744,40.0094907837,0 64.3765079804,40.0091087399,0 64.376271946,40.0085417184,0 64.3761432,40.008254097,0 64.3760198184,40.0079253853,0 64.3759286233,40.0077322665,0 64.3758427926,40.0075802364,0 64.375719411,40.0074035523,0 64.375655038,40.0072967199,0 64.3755262919,40.0072761752,0 64.3752795287,40.0072515215,0 64.374963028,40.0073295914,0 64.3746465274,40.0073624629,0 64.3739169665,40.0074816221,0 64.3733644315,40.0075309292,0 64.3730318376,40.0075843453,0 64.3729299136,40.0076172167,0 64.3729982721,40.0078595853,0 64.3731055604,40.0082663661,0 64.3732128488,40.0085087899,0 64.3733147727,40.0088498253,0 64.3733845102,40.0091620972,0 64.3734810697,40.0095072381,0 64.3735776292,40.0098030718,0 64.3736312984,40.0099016636,0
						</coordinates>
					</LinearRing>
				</outerBoundaryIs>
			</Polygon>
		</Placemark>
		<Placemark>
			<name>
				8732 пахта очик 2026
			</name>
			<description>
				40.01019755315754, 64.37123869284537
			</description>
			<Style>
				<LineStyle>
					<color>
						990ac2ff
					</color>
					<width>
						50.0
					</width>
				</LineStyle>
				<PolyStyle>
					<color>
						990ac2ff
					</color>
				</PolyStyle>
			</Style>
			<Polygon>
				<outerBoundaryIs>
					<LinearRing>
						<coordinates>
							64.3712386928,40.0101975532,0 64.3712937661,40.0102756389,0 64.37162636,40.01023866,0 64.3720340558,40.0101893548,0 64.3723344632,40.010131832,0 64.3728104673,40.0100578549,0 64.3731498548,40.0099962423,0 64.3734702907,40.0099469178,0 64.3735668503,40.0099181563,0 64.373486384,40.0096634111,0 64.3734448977,40.0095319485,0 64.3733107873,40.0091005222,0 64.3732625075,40.0088786448,0 64.3731337615,40.0084965208,0 64.373062595,40.0082335334,0 64.3729928575,40.0080034353,0 64.3729177557,40.0077610097,0 64.3728748403,40.0076007619,0 64.3727367946,40.0076131078,0 64.3724363872,40.0076788505,0 64.3720501491,40.0077281576,0 64.3716370889,40.0077774646,0 64.3713581391,40.0078308804,0 64.3709933587,40.0078801873,0 64.3705466829,40.0079130395,0 64.3704393946,40.0079376929,0 64.3704032727,40.0079870189,0 64.3705159255,40.0083609279,0 64.3706983157,40.0087718146,0 64.3708324262,40.0091621547,0 64.3710148164,40.0096593215,0 64.3711743198,40.0100126583,0 64.3712386928,40.0101975532,0
						</coordinates>
					</LinearRing>
				</outerBoundaryIs>
			</Polygon>
		</Placemark>
		<Placemark>
			<name>
				8734 пахта очик 2026
			</name>
			<description>
				40.00747757074777, 64.37224710321898
			</description>
			<Style>
				<LineStyle>
					<color>
						990ac2ff
					</color>
					<width>
						50.0
					</width>
				</LineStyle>
				<PolyStyle>
					<color>
						990ac2ff
					</color>
				</PolyStyle>
			</Style>
			<Polygon>
				<outerBoundaryIs>
					<LinearRing>
						<coordinates>
							64.371666493,40.0077405611,0 64.3723370452,40.0076501649,0 64.3726374526,40.0075803132,0 64.3729432245,40.0075474417,0 64.3732060809,40.0075063524,0 64.3735386749,40.0074899167,0 64.3738122602,40.0074406095,0 64.3740590234,40.007411847,0 64.3742789645,40.0073748665,0 64.3746491094,40.0073173414,0 64.3750138898,40.0072433804,0 64.3755288739,40.0071694193,0 64.3754537721,40.0068283755,0 64.3753947635,40.0066064907,0 64.3752928395,40.0063476241,0 64.3752713819,40.0061709369,0 64.3752445598,40.0060024672,0 64.3752231021,40.0058504332,0 64.3751694579,40.0056819628,0 64.3751748224,40.0055545824,0 64.3750085254,40.0054847285,0 64.3745740075,40.0055628005,0 64.3742736001,40.0055833457,0 64.3739731927,40.0056326543,0 64.3738242421,40.005628526,0 64.3737384114,40.0056326351,0 64.3735989366,40.0056326351,0 64.3734755549,40.0056531803,0 64.3732287917,40.0056819436,0 64.3730946813,40.0056942707,0 64.372975411,40.0057107261,0 64.3727071901,40.0057518164,0 64.3724657912,40.0057929068,0 64.3722780366,40.0058381061,0 64.3721278329,40.0058381061,0 64.3720151801,40.0058750874,0 64.3718757053,40.0058956326,0 64.3717857633,40.0059367036,0 64.3712212463,40.0060065762,0 64.3698425908,40.006212027,0 64.3698855062,40.0063599511,0 64.3699820657,40.0066640164,0 64.3700732608,40.0069516445,0 64.3701215406,40.0072105088,0 64.3702020068,40.0074693721,0 64.3704004903,40.0079254621,0 64.3707706352,40.0079090265,0 64.371666493,40.0077405611,0
						</coordinates>
					</LinearRing>
				</outerBoundaryIs>
			</Polygon>
		</Placemark>
		<Placemark>
			<name>
				8731 пахта очик 2026
			</name>
			<description>
				40.00921566547843, 64.36642665955019
			</description>
			<Style>
				<LineStyle>
					<color>
						990ac2ff
					</color>
					<width>
						50.0
					</width>
				</LineStyle>
				<PolyStyle>
					<color>
						990ac2ff
					</color>
				</PolyStyle>
			</Style>
			<Polygon>
				<outerBoundaryIs>
					<LinearRing>
						<coordinates>
							64.3664266596,40.0092156655,0 64.366689516,40.0093019508,0 64.3670262212,40.0094334522,0 64.3675036544,40.0095978046,0 64.3681956643,40.00985255,0 64.368640911,40.00998814,0 64.3690217847,40.0101319472,0 64.3693436498,40.0102634278,0 64.3697728032,40.0103702556,0 64.3701268548,40.0104483219,0 64.370346796,40.0104236694,0 64.3706645498,40.0103702364,0 64.3709649572,40.0103209312,0 64.3711205253,40.0102921699,0 64.3711848983,40.0102141034,0 64.371141983,40.0100456437,0 64.3710668811,40.0098484221,0 64.3710078725,40.0096881791,0 64.3709542284,40.0095361533,0 64.3708576688,40.009297842,0 64.370782567,40.009055421,0 64.3707342872,40.0089033938,0 64.3706913719,40.0087801283,0 64.3706216344,40.0086034474,0 64.3705626259,40.0084555281,0 64.3705036173,40.0083281529,0 64.3704285154,40.0081309263,0 64.3703802356,40.0080282039,0 64.3703802356,40.007937808,0 64.370309245,40.0078268867,0 64.3702395076,40.0076419854,0 64.3701214904,40.0073173798,0 64.3699766511,40.0068037601,0 64.3697513456,40.0061956293,0 64.3695314044,40.0062243924,0 64.3692685479,40.0063230085,0 64.3690700645,40.0064503875,0 64.3688769454,40.0066476189,0 64.3685228938,40.0068571767,0 64.3683244104,40.0068859395,0 64.3680722827,40.0069640098,0 64.3678523416,40.0070215353,0 64.3675733919,40.0070831697,0 64.3673051709,40.0071530219,0 64.3670435676,40.0072310727,0 64.3669577369,40.0072598354,0 64.3668075332,40.0073009248,0 64.366625143,40.0073707768,0 64.3664481172,40.0074324109,0 64.3661906252,40.0075186984,0 64.3660457859,40.0075680056,0 64.3659331331,40.0076090948,0 64.3658687601,40.0076994911,0 64.3659277687,40.0078227586,0 64.3660296926,40.0080775106,0 64.3661262521,40.0083980038,0 64.3661906252,40.0086404271,0 64.3662871847,40.0088499788,0 64.3663515577,40.009055421,0 64.3663837442,40.0091334889,0 64.3664266596,40.0092156655,0
						</coordinates>
					</LinearRing>
				</outerBoundaryIs>
			</Polygon>
		</Placemark>
		<Placemark>
			<name>
				8667 пахта очик 2026
			</name>
			<description>
				40.000795985280114, 64.40536453170907
			</description>
			<Style>
				<LineStyle>
					<color>
						990ac2ff
					</color>
					<width>
						50.0
					</width>
				</LineStyle>
				<PolyStyle>
					<color>
						990ac2ff
					</color>
				</PolyStyle>
			</Style>
			<Polygon>
				<outerBoundaryIs>
					<LinearRing>
						<coordinates>
							64.4053645317,40.0007959853,0 64.4056166594,40.0005905182,0 64.4058848803,40.0003686131,0 64.4061806494,40.0000972395,0 64.4064052288,39.9999083632,0 64.4065561586,39.9997808167,0 64.4067009979,39.9996657535,0 64.4066949074,39.9995837208,0 64.4066198055,39.9995220796,0 64.4065393393,39.999456329,0 64.4062825733,39.9994520643,0 64.4058319622,39.9994767208,0 64.4050970369,39.9995137055,0 64.404790539,39.999526189,0 64.4045391375,39.9995465808,0 64.4043138319,39.9995712372,0 64.4042065435,39.9996164407,0 64.4042816454,39.9997356134,0 64.4045605951,40.0000355988,0 64.4049039179,40.0003848952,0 64.4051016752,40.0005987369,0 64.4052465145,40.0007261266,0 64.4053645317,40.0007959853,0
						</coordinates>
					</LinearRing>
				</outerBoundaryIs>
			</Polygon>
		</Placemark>
		<Placemark>
			<name>
				8663 пахта очик 2026
			</name>
			<description>
				39.99945636740652, 64.40304705301273
			</description>
			<Style>
				<LineStyle>
					<color>
						990ac2ff
					</color>
					<width>
						50.0
					</width>
				</LineStyle>
				<PolyStyle>
					<color>
						990ac2ff
					</color>
				</PolyStyle>
			</Style>
			<Polygon>
				<outerBoundaryIs>
					<LinearRing>
						<coordinates>
							64.4039689624,39.9993927559,0 64.4042908275,39.9993804276,0 64.404811176,39.9993598805,0 64.405536143,39.999324866,0 64.4060618559,39.9993084283,0 64.4064534585,39.9992796623,0 64.4071186463,39.9992262398,0 64.4080413262,39.9991604889,0 64.4084812085,39.99915227,0 64.4088781754,39.9991276134,0 64.4092314565,39.999096877,0 64.4092851007,39.9989489371,0 64.4092582786,39.9987968875,0 64.4092582786,39.9986366185,0 64.4092643634,39.9985071243,0 64.4092475497,39.9983941597,0 64.4089632356,39.998320189,0 64.4087754809,39.9982832037,0 64.4085609042,39.9982133424,0 64.4082969254,39.9981608201,0 64.4079171741,39.9979996486,0 64.4072680795,39.9979051299,0 64.4070213162,39.9978311587,0 64.40671018,39.9977489684,0 64.40647951,39.9977202018,0 64.4061898314,39.9976873256,0 64.4059806191,39.9976421209,0 64.4057499492,39.9975681494,0 64.4055997455,39.9975106159,0 64.4054549062,39.9974900683,0 64.4053100669,39.9974736301,0 64.4051223123,39.9974777397,0 64.4049828374,39.9974654111,0 64.4044446458,39.9971578468,0 64.4041442384,39.9970920939,0 64.4039028396,39.9973427764,0 64.4035434236,39.9977167438,0 64.4041942679,39.9981640285,0 64.4044124593,39.9981934464,0 64.4047772398,39.9977578389,0 64.4049489011,39.9975112675,0 64.4051044693,39.9975523628,0 64.4047736251,39.9979832105,0 64.4043766582,39.9984434734,0 64.4041520229,39.9987331832,0 64.403985726,39.9988605764,0 64.4038140646,39.9989961881,0 64.4036953771,39.9991174242,0 64.4039689624,39.9993927559,0
						</coordinates>
					</LinearRing>
				</outerBoundaryIs>
			</Polygon>
		</Placemark>
		<Placemark>
			<name>
				8661 пахта очик 2026
			</name>
			<description>
				39.996662022959065, 64.40337949660761
			</description>
			<Style>
				<LineStyle>
					<color>
						990ac2ff
					</color>
					<width>
						50.0
					</width>
				</LineStyle>
				<PolyStyle>
					<color>
						990ac2ff
					</color>
				</PolyStyle>
			</Style>
			<Polygon>
				<outerBoundaryIs>
					<LinearRing>
						<coordinates>
							64.4034127021,39.996654664,0 64.4035629058,39.9967491843,0 64.4037560249,39.9968642524,0 64.4040725256,39.9970080873,0 64.4043675685,39.9971067167,0 64.4047591711,39.9972382224,0 64.4050327564,39.9973615087,0 64.4051883245,39.9973984946,0 64.4054404522,39.9974313709,0 64.4057237473,39.9974880442,0 64.4059500719,39.9975505474,0 64.4063202167,39.9976204094,0 64.4067708278,39.9977025998,0 64.4070380297,39.997775711,0 64.4075593973,39.997879309,0 64.4079617286,39.9979738277,0 64.4082675005,39.9980560177,0 64.4085786367,39.9981217697,0 64.4087610269,39.9981669741,0 64.4088736797,39.9981916311,0 64.4088683153,39.9980231417,0 64.4088575864,39.9977888997,0 64.4088414932,39.9975834236,0 64.4088414932,39.9973656183,0 64.408723476,39.9972834274,0 64.408428433,39.9972300033,0 64.4078973556,39.9971272645,0 64.4071892524,39.9969834299,0 64.406593802,39.9968560333,0 64.4061431909,39.9967738418,0 64.4054189945,39.9966382256,0 64.405156138,39.9966053489,0 64.4046840692,39.9965478147,0 64.4043943906,39.9965108284,0 64.4039920593,39.996473842,0 64.4036058212,39.9963669925,0 64.4034341598,39.9965519243,0 64.4034127021,39.996654664,0
						</coordinates>
					</LinearRing>
				</outerBoundaryIs>
			</Polygon>
		</Placemark>
		<Placemark>
			<name>
				8658 пахта очик 2026
			</name>
			<description>
				39.99629626904817, 64.40366381076298
			</description>
			<Style>
				<LineStyle>
					<color>
						990ac2ff
					</color>
					<width>
						50.0
					</width>
				</LineStyle>
				<PolyStyle>
					<color>
						990ac2ff
					</color>
				</PolyStyle>
			</Style>
			<Polygon>
				<outerBoundaryIs>
					<LinearRing>
						<coordinates>
							64.4036638108,39.996296269,0 64.4039784723,39.9963546253,0 64.404359346,39.9964080501,0 64.4049762541,39.996490242,0 64.4054697805,39.9965477763,0 64.405834561,39.9966176393,0 64.4064085537,39.9967368172,0 64.4069074446,39.9968231183,0 64.4075136238,39.9969546245,0 64.4080500656,39.9970696923,0 64.4084309393,39.9971436643,0 64.4087600079,39.9972291431,0 64.4087957197,39.9971025688,0 64.4088171774,39.9969546245,0 64.4088493639,39.9968107896,0 64.4088654572,39.9966833927,0 64.4088976437,39.9966053105,0 64.4087600079,39.9965387353,0 64.4085615244,39.9965058586,0 64.4082772103,39.9963907899,0 64.4080787268,39.9963373651,0 64.4078587857,39.996255173,0 64.4076173869,39.9961812,0 64.407375988,39.9961031173,0 64.4071560469,39.9960291442,0 64.4067268935,39.9958935265,0 64.4060813242,39.9956888665,0 64.4053839499,39.9955039324,0 64.4050692883,39.9953962595,0 64.4049298134,39.9953469436,0 64.4047635165,39.9952811889,0 64.4045703974,39.9952154342,0 64.4043558207,39.9951620085,0 64.4042592612,39.9951414601,0 64.4041573372,39.9951620085,0 64.4040822354,39.9953346146,0 64.4039534893,39.9955976325,0 64.403846201,39.9958483206,0 64.4037871924,39.9959716094,0 64.403744277,39.9961565423,0 64.4036638108,39.996296269,0
						</coordinates>
					</LinearRing>
				</outerBoundaryIs>
			</Polygon>
		</Placemark>
		<Placemark>
			<name>
				8659 пахта очик 2026
			</name>
			<description>
				39.99581137226368, 64.40286446236885
			</description>
			<Style>
				<LineStyle>
					<color>
						990ac2ff
					</color>
					<width>
						50.0
					</width>
				</LineStyle>
				<PolyStyle>
					<color>
						990ac2ff
					</color>
				</PolyStyle>
			</Style>
			<Polygon>
				<outerBoundaryIs>
					<LinearRing>
						<coordinates>
							64.4028655315,39.9957916459,0 64.4029728199,39.9958368519,0 64.403128388,39.9958450711,0 64.4033161426,39.9958327422,0 64.4034931684,39.9958574,0 64.4036648298,39.9958943867,0 64.4037560249,39.9958532904,0 64.4037935758,39.9957505495,0 64.4038676085,39.9956223288,0 64.4039212527,39.9954867104,0 64.4039963546,39.9953387626,0 64.4040553632,39.995236021,0 64.4040939832,39.9951176623,0 64.4040081525,39.9950930042,0 64.4038794065,39.9950642365,0 64.4037334981,39.9950140985,0 64.4036315741,39.9949730016,0 64.4035360838,39.9948998491,0 64.4033697868,39.9948094358,0 64.4032839561,39.9947313516,0 64.4031659389,39.9946327187,0 64.4030736747,39.9945332639,0 64.4029942775,39.9944929886,0 64.4029245401,39.9945751828,0 64.4028816248,39.9946820352,0 64.4028655315,39.994834094,0 64.4028601671,39.9949943719,0 64.4028279806,39.9953519134,0 64.402821547,39.9955689034,0 64.4028226162,39.9956847953,0 64.4028655315,39.9957916459,0
						</coordinates>
					</LinearRing>
				</outerBoundaryIs>
			</Polygon>
		</Placemark>
		<Placemark>
			<name>
				8778 пахта очик 2026
			</name>
			<description>
				39.991574265045514, 64.39767699497222
			</description>
			<Style>
				<LineStyle>
					<color>
						990ac2ff
					</color>
					<width>
						50.0
					</width>
				</LineStyle>
				<PolyStyle>
					<color>
						990ac2ff
					</color>
				</PolyStyle>
			</Style>
			<Polygon>
				<outerBoundaryIs>
					<LinearRing>
						<coordinates>
							64.3977281329,39.9915578638,0 64.3978032347,39.9917962371,0 64.397948074,39.9922236629,0 64.3981197354,39.9926099877,0 64.3982538458,39.992983981,0 64.3983396765,39.9933456429,0 64.3984684226,39.993773059,0 64.3985542532,39.9940319732,0 64.3989941355,39.9939990952,0 64.3993052718,39.9939333393,0 64.3993696448,39.9941799237,0 64.3994930264,39.9945087016,0 64.3995895859,39.9948456972,0 64.3996861454,39.9952443362,0 64.3997397896,39.9954498194,0 64.400077748,39.9954621483,0 64.4003620621,39.9954087228,0 64.4005605456,39.9953881745,0 64.4007776286,39.9953634782,0 64.4011989113,39.9953347489,0 64.4015475985,39.9953224199,0 64.4019256141,39.9953141622,0 64.4021831061,39.9953059429,0 64.4022610661,39.9952402266,0 64.4022771594,39.9950100847,0 64.402322581,39.9947305874,0 64.4024327275,39.9946278831,0 64.4024541851,39.9944100684,0 64.4024702784,39.9941634848,0 64.4025239226,39.9940073147,0 64.4024166342,39.9939333393,0 64.4022503373,39.9937936077,0 64.4015286471,39.9931277857,0 64.401349115,39.9929141143,0 64.4009385611,39.9926099494,0 64.4007751223,39.992531901,0 64.4006356474,39.9923633976,0 64.4003191468,39.9920510489,0 64.400077748,39.9918085667,0 64.3998685357,39.9916523913,0 64.3997290608,39.9914838858,0 64.3995413062,39.9914510066,0 64.3992891785,39.9914633363,0 64.3990717437,39.991459188,0 64.3987098214,39.9914838858,0 64.3983021256,39.991512655,0 64.3980070826,39.9915085451,0 64.3977281329,39.9915578638,0
						</coordinates>
					</LinearRing>
				</outerBoundaryIs>
			</Polygon>
		</Placemark>
		<Placemark>
			<name>
				8777 пахта очик 2026
			</name>
			<description>
				39.996189534383106, 64.40163591042324
			</description>
			<Style>
				<LineStyle>
					<color>
						990ac2ff
					</color>
					<width>
						50.0
					</width>
				</LineStyle>
				<PolyStyle>
					<color>
						990ac2ff
					</color>
				</PolyStyle>
			</Style>
			<Polygon>
				<outerBoundaryIs>
					<LinearRing>
						<coordinates>
							64.4016359104,39.9961895344,0 64.4018665804,39.9961772055,0 64.4021026148,39.9961730959,0 64.4022635473,39.9961772055,0 64.4022742762,39.9961196709,0 64.4022796406,39.9959881631,0 64.4023064627,39.9957950105,0 64.4023064627,39.995721037,0 64.4023332848,39.9955813091,0 64.4023386492,39.9954621292,0 64.4023332848,39.995392265,0 64.4022045387,39.9954004843,0 64.4020221485,39.9954004843,0 64.401861216,39.9954087037,0 64.4016573681,39.9954087037,0 64.4015554442,39.9954292519,0 64.4015608086,39.9955402126,0 64.4015929951,39.9958278876,0 64.4016198172,39.9960415882,0 64.4016359104,39.9961895344,0
						</coordinates>
					</LinearRing>
				</outerBoundaryIs>
			</Polygon>
		</Placemark>
		<Placemark>
			<name>
				8777 пахта очик 2026
			</name>
			<description>
				39.99644843944381, 64.39968862667844
			</description>
			<Style>
				<LineStyle>
					<color>
						990ac2ff
					</color>
					<width>
						50.0
					</width>
				</LineStyle>
				<PolyStyle>
					<color>
						990ac2ff
					</color>
				</PolyStyle>
			</Style>
			<Polygon>
				<outerBoundaryIs>
					<LinearRing>
						<coordinates>
							64.3997329711,39.996423801,0 64.3998602881,39.9964361107,0 64.4000748648,39.9964032339,0 64.4001889466,39.9963498282,0 64.4000065564,39.9955155739,0 64.3998456239,39.9955279028,0 64.3997007846,39.9955648897,0 64.3997007846,39.9957580429,0 64.3997168778,39.9959553053,0 64.3997007846,39.996152567,0 64.3997329711,39.996423801,0
						</coordinates>
					</LinearRing>
				</outerBoundaryIs>
			</Polygon>
		</Placemark>
		<Placemark>
			<name>
				8775 пахта очик 2026
			</name>
			<description>
				39.99806349171307, 64.3999729408338
			</description>
			<Style>
				<LineStyle>
					<color>
						990ac2ff
					</color>
					<width>
						50.0
					</width>
				</LineStyle>
				<PolyStyle>
					<color>
						990ac2ff
					</color>
				</PolyStyle>
			</Style>
			<Polygon>
				<outerBoundaryIs>
					<LinearRing>
						<coordinates>
							64.4000280141,39.9980224159,0 64.4001231445,39.9980347252,0 64.4004088878,39.9980018684,0 64.4006005777,39.9979648637,0 64.4007615103,39.9979196591,0 64.4009278072,39.997870345,0 64.401015067,39.997829269,0 64.4009653582,39.9977388405,0 64.4009331717,39.9976278834,0 64.4008916854,39.9975128358,0 64.4008326768,39.9973731115,0 64.4007414817,39.9971922915,0 64.4006878375,39.9970155805,0 64.4006717442,39.9969210606,0 64.4006234645,39.9968183213,0 64.4005751847,39.996674486,0 64.4005362047,39.9966004943,0 64.4005161761,39.9964936642,0 64.4004839896,39.996403253,0 64.400386001,39.9964073435,0 64.4002357973,39.9964155627,0 64.4000748648,39.9964443298,0 64.3998602881,39.996473097,0 64.3997583641,39.9965183025,0 64.3997812508,39.9966950339,0 64.3998027085,39.9969416084,0 64.3998402594,39.997196401,0 64.399899268,39.99747585,0 64.399936819,39.9976731073,0 64.3999690055,39.9977717358,0 64.3999904631,39.9979155687,0 64.4000280141,39.9980224159,0
						</coordinates>
					</LinearRing>
				</outerBoundaryIs>
			</Polygon>
		</Placemark>
		<Placemark>
			<name>
				8776 пахта очик 2026
			</name>
			<description>
				39.99784568791027, 64.40105655327616
			</description>
			<Style>
				<LineStyle>
					<color>
						990ac2ff
					</color>
					<width>
						50.0
					</width>
				</LineStyle>
				<PolyStyle>
					<color>
						990ac2ff
					</color>
				</PolyStyle>
			</Style>
			<Polygon>
				<outerBoundaryIs>
					<LinearRing>
						<coordinates>
							64.4010565533,39.9978456879,0 64.4012282147,39.9978251403,0 64.4013891472,39.9977881547,0 64.4015983595,39.9977182929,0 64.4017110123,39.9976607596,0 64.4019416823,39.9975908977,0 64.4021133436,39.9975498024,0 64.4022099032,39.9975292547,0 64.4022152676,39.9974100782,0 64.4022313608,39.9971758341,0 64.4022367252,39.9970278901,0 64.4022152676,39.9968635074,0 64.4022259964,39.9967813159,0 64.4022474541,39.996682686,0 64.402220632,39.996633371,0 64.4022313608,39.9965347409,0 64.4022742762,39.9964032339,0 64.4022742762,39.9962963842,0 64.4022903694,39.9962347401,0 64.4022099032,39.9962141921,0 64.4020489706,39.9962059728,0 64.4019202246,39.9962059728,0 64.4017056479,39.9962265209,0 64.4015608086,39.9962388497,0 64.401437427,39.9962593978,0 64.40127113,39.9962717266,0 64.4011209263,39.9963004938,0 64.4009439005,39.996329261,0 64.4008258833,39.9963621379,0 64.400681044,39.9963621379,0 64.4005683912,39.9963744667,0 64.4005308403,39.9964361107,0 64.4005630268,39.996584056,0 64.4006703152,39.9967813159,0 64.4007307528,39.9969539371,0 64.4007722391,39.9970607666,0 64.400847341,39.9972909015,0 64.4008848919,39.9974306259,0 64.4009546293,39.9976032263,0 64.4010136379,39.99774295,0 64.4010565533,39.9978456879,0
						</coordinates>
					</LinearRing>
				</outerBoundaryIs>
			</Polygon>
		</Placemark>
		<Placemark>
			<name>
				8772 пахта очик 2026
			</name>
			<description>
				39.996810140546, 64.39651818046111
			</description>
			<Style>
				<LineStyle>
					<color>
						990ac2ff
					</color>
					<width>
						50.0
					</width>
				</LineStyle>
				<PolyStyle>
					<color>
						990ac2ff
					</color>
				</PolyStyle>
			</Style>
			<Polygon>
				<outerBoundaryIs>
					<LinearRing>
						<coordinates>
							64.3965571289,39.9968167473,0 64.3965396381,39.9970649337,0 64.3964538074,39.9973936976,0 64.3963894344,39.9976567077,0 64.3963143326,39.9979114977,0 64.3962392307,39.9980019068,0 64.396485994,39.9980840968,0 64.3967395191,39.9981646744,0 64.3971257572,39.998304397,0 64.3975227241,39.9984564477,0 64.397794912,39.9985772348,0 64.3980953194,39.9987087376,0 64.3982991672,39.9988895536,0 64.3984386421,39.9990457125,0 64.398578117,39.9992511842,0 64.3988034225,39.9992265277,0 64.3990501858,39.9991607768,0 64.3991856937,39.999126289,0 64.3993519906,39.9991180701,0 64.3996080852,39.9990457125,0 64.3998763061,39.9989635237,0 64.3999728657,39.9988320213,0 64.3999742631,39.9986578118,0 64.3999528055,39.9984030245,0 64.3999299503,39.9982402575,0 64.3998655773,39.9980676588,0 64.3997757797,39.9977660524,0 64.3997368313,39.9974923265,0 64.3997046448,39.9972950686,0 64.3996792201,39.9971414029,0 64.3996295429,39.9968019214,0 64.399588025,39.9966194875,0 64.3965571289,39.9968167473,0
						</coordinates>
					</LinearRing>
				</outerBoundaryIs>
			</Polygon>
		</Placemark>
		<Placemark>
			<name>
				8779 пахта очик 2026
			</name>
			<description>
				39.9967896118628, 64.39652888424347
			</description>
			<Style>
				<LineStyle>
					<color>
						990ac2ff
					</color>
					<width>
						50.0
					</width>
				</LineStyle>
				<PolyStyle>
					<color>
						990ac2ff
					</color>
				</PolyStyle>
			</Style>
			<Polygon>
				<outerBoundaryIs>
					<LinearRing>
						<coordinates>
							64.3965785865,39.9967920899,0 64.3968360786,39.9968085282,0 64.397200859,39.996771542,0 64.3973832492,39.9967592133,0 64.3976085548,39.9967386654,0 64.3978124027,39.9967304462,0 64.3982093696,39.9967057887,0 64.3984400396,39.9966811312,0 64.3986224298,39.9966770217,0 64.398869193,39.9966564737,0 64.3991213207,39.9966564737,0 64.3993412618,39.9966400354,0 64.3995075588,39.9966400354,0 64.3995812381,39.9965676944,0 64.3995919669,39.9964074202,0 64.3995758737,39.99620194,0 64.399554416,39.9960581034,0 64.3995597804,39.9959265955,0 64.3995651448,39.9957581005,0 64.3995758737,39.9956430306,0 64.3995987539,39.995489342,0 64.3995933895,39.9953537232,0 64.3995651448,39.9952485035,0 64.3995061362,39.995014252,0 64.3994310344,39.9947635609,0 64.399361297,39.9945375272,0 64.3993076528,39.9943854677,0 64.3992701019,39.9942539565,0 64.3992057288,39.9940813477,0 64.3991574491,39.9940361406,0 64.399028703,39.9940525795,0 64.3987014735,39.9941018964,0 64.3984386171,39.9941429937,0 64.398181125,39.9941758716,0 64.397950455,39.9942210787,0 64.3976393188,39.9942416273,0 64.3972906316,39.9942786149,0 64.397000953,39.9942991635,0 64.3968024696,39.9942950538,0 64.3966951812,39.9943772482,0 64.3966737235,39.9946238311,0 64.3966683591,39.9949484971,0 64.3966629947,39.9951539811,0 64.3966093505,39.9953923418,0 64.396610773,39.9955509867,0 64.3965932573,39.9957293331,0 64.3965610708,39.995943034,0 64.3965732221,39.9961222258,0 64.3965624933,39.9962825006,0 64.3965571289,39.9964222271,0 64.3965410356,39.9966194875,0 64.3965249423,39.9967140079,0 64.3965785865,39.9967920899,0
						</coordinates>
					</LinearRing>
				</outerBoundaryIs>
			</Polygon>
		</Placemark>
		<Placemark>
			<name>
				8778 пахта очик 2026
			</name>
			<description>
				39.99700330947167, 64.39442066795871
			</description>
			<Style>
				<LineStyle>
					<color>
						990ac2ff
					</color>
					<width>
						50.0
					</width>
				</LineStyle>
				<PolyStyle>
					<color>
						990ac2ff
					</color>
				</PolyStyle>
			</Style>
			<Polygon>
				<outerBoundaryIs>
					<LinearRing>
						<coordinates>
							64.3945991163,39.9969359249,0 64.3948244218,39.9969277057,0 64.3951287711,39.9968800225,0 64.3955257381,39.9968224885,0 64.3959656204,39.9967526257,0 64.3962982143,39.996719749,0 64.3964323247,39.9966992011,0 64.3964645112,39.9965923519,0 64.3964591468,39.9963950914,0 64.3964806045,39.9962060496,0 64.396482027,39.9960153757,0 64.3965235198,39.9958033065,0 64.3965235198,39.9956594692,0 64.3964966977,39.9955649473,0 64.3965410356,39.9953619426,0 64.3965839509,39.9951071431,0 64.3965732221,39.9948646717,0 64.3966215019,39.9946221995,0 64.3966469014,39.9944430038,0 64.3966576303,39.9943279316,0 64.3966790879,39.9941635424,0 64.3965839509,39.9940714966,0 64.3963640098,39.9940714966,0 64.3961494331,39.9940509479,0 64.3959348564,39.9940303992,0 64.3957095508,39.9940139602,0 64.3954198722,39.9939440946,0 64.3950711851,39.9939194361,0 64.3948029642,39.9938865581,0 64.3946152095,39.9938660093,0 64.3943094377,39.993837241,0 64.3941002254,39.9938454606,0 64.3940680389,39.994001631,0 64.394094861,39.9943221902,0 64.3941324119,39.9945400053,0 64.3941578115,39.9948005482,0 64.3942557935,39.9951441302,0 64.3942611579,39.9955674253,0 64.3942987089,39.9959578409,0 64.3943362598,39.9963605831,0 64.3943455661,39.9966992011,0 64.3943938459,39.9968964608,0 64.3945991163,39.9969359249,0
						</coordinates>
					</LinearRing>
				</outerBoundaryIs>
			</Polygon>
		</Placemark>
		<Placemark>
			<name>
				8769 пахта очик 2026
			</name>
			<description>
				40.000599120775874, 64.39432942274435
			</description>
			<Style>
				<LineStyle>
					<color>
						990ac2ff
					</color>
					<width>
						50.0
					</width>
				</LineStyle>
				<PolyStyle>
					<color>
						990ac2ff
					</color>
				</PolyStyle>
			</Style>
			<Polygon>
				<outerBoundaryIs>
					<LinearRing>
						<coordinates>
							64.3981289033,39.9994591524,0 64.3975334529,39.9996112006,0 64.3971311216,39.9996605135,0 64.3966161375,39.9990482097,0 64.3962567214,39.9986454834,0 64.3959133987,39.9982180978,0 64.3962781791,39.998053718,0 64.3965571289,39.9981646744,0 64.396970189,39.9982756306,0 64.3973564271,39.998415353,0 64.3975710039,39.998501652,0 64.3978231315,39.9986208266,0 64.3981074457,39.9987769861,0 64.3982469205,39.9988673941,0 64.3983434801,39.9990112247,0 64.3985419635,39.9992947756,0 64.3981289033,39.9994591524,0
						</coordinates>
					</LinearRing>
				</outerBoundaryIs>
			</Polygon>
		</Placemark>
		<Placemark>
			<name>
				8640 пахта очик 2026
			</name>
			<description>
				40.002037048934, 64.42273351369167
			</description>
			<Style>
				<LineStyle>
					<color>
						990ac2ff
					</color>
					<width>
						50.0
					</width>
				</LineStyle>
				<PolyStyle>
					<color>
						990ac2ff
					</color>
				</PolyStyle>
			</Style>
			<Polygon>
				<outerBoundaryIs>
					<LinearRing>
						<coordinates>
							64.4227335137,40.0020370489,0 64.4229159039,40.0022794948,0 64.4231251162,40.0024767383,0 64.4232270401,40.0025342676,0 64.4234433977,40.0027521524,0 64.4235936014,40.0026864049,0 64.4238814991,40.0025178307,0 64.4242373316,40.0023247925,0 64.4245896023,40.0020493767,0 64.4249114674,40.0018562413,0 64.425136773,40.0017370723,0 64.4251957816,40.0016795424,0 64.4251582306,40.0014987337,0 64.4250688164,40.0012933648,0 64.4250098078,40.0011125551,0 64.4249436539,40.0009932889,0 64.4248363656,40.0008289158,0 64.4247827214,40.0007508384,0 64.4245574158,40.0008658998,0 64.4241068047,40.0011535523,0 64.4236669224,40.0014288757,0 64.4232163113,40.0017288537,0 64.4229051751,40.001913771,0 64.4227335137,40.0020370489,0
						</coordinates>
					</LinearRing>
				</outerBoundaryIs>
			</Polygon>
		</Placemark>
		<Placemark>
			<name>
				8639 пахта очик 2026
			</name>
			<description>
				40.00288766046088, 64.42355426964957
			</description>
			<Style>
				<LineStyle>
					<color>
						990ac2ff
					</color>
					<width>
						50.0
					</width>
				</LineStyle>
				<PolyStyle>
					<color>
						990ac2ff
					</color>
				</PolyStyle>
			</Style>
			<Polygon>
				<outerBoundaryIs>
					<LinearRing>
						<coordinates>
							64.4235542696,40.0028876605,0 64.4236293715,40.0030109366,0 64.4238010329,40.003080793,0 64.4243106526,40.0034013096,0 64.4248685521,40.0037382614,0 64.4251153153,40.0039149549,0 64.4255820197,40.004214922,0 64.4258302119,40.0043546515,0 64.426086275,40.0042108129,0 64.4263920468,40.0040834298,0 64.4267246407,40.0039642647,0 64.4270733279,40.0038286628,0 64.427459566,40.0037300431,0 64.4276594785,40.0036355516,0 64.4274542016,40.003528694,0 64.4270411414,40.0033807637,0 64.42663881,40.0032246148,0 64.4263115805,40.0030931206,0 64.4260326308,40.002998609,0 64.4258287829,40.0029410802,0 64.4256678504,40.0028095854,0 64.4255873841,40.0026821997,0 64.4254800957,40.0023246965,0 64.4254049939,40.0020041748,0 64.4252708834,40.0018151485,0 64.4251957816,40.0017699465,0 64.425034849,40.0018315856,0 64.4246807974,40.0020452675,0 64.4241443556,40.0023863351,0 64.4238346484,40.0026698913,0 64.4235542696,40.0028876605,0
						</coordinates>
					</LinearRing>
				</outerBoundaryIs>
			</Polygon>
		</Placemark>
		<Placemark>
			<name>
				8603 пахта очик 2026
			</name>
			<description>
				40.00436699799627, 64.42589310580256
			</description>
			<Style>
				<LineStyle>
					<color>
						990ac2ff
					</color>
					<width>
						50.0
					</width>
				</LineStyle>
				<PolyStyle>
					<color>
						990ac2ff
					</color>
				</PolyStyle>
			</Style>
			<Polygon>
				<outerBoundaryIs>
					<LinearRing>
						<coordinates>
							64.4260098699,40.0043978356,0 64.4261881488,40.0045519081,0 64.4267769816,40.0048991461,0 64.4270612958,40.005092273,0 64.427372432,40.0053141627,0 64.4277103904,40.0055031794,0 64.4279423135,40.0056654675,0 64.4283661025,40.0059202276,0 64.4285431283,40.0060434983,0 64.4287725451,40.0059675006,0 64.4291265967,40.005745613,0 64.4294645551,40.0055155065,0 64.4297703269,40.0053182718,0 64.4301726583,40.0050635094,0 64.4303187507,40.0049545996,0 64.4305547851,40.0047655815,0 64.4303348439,40.0046587449,0 64.4299325126,40.0044902715,0 64.4295516389,40.0043423433,0 64.4292405027,40.0042396152,0 64.4287201541,40.0040300493,0 64.4285270351,40.0039519756,0 64.4282641786,40.0038739018,0 64.4280376199,40.0037773559,0 64.4277813809,40.003693099,0 64.4274904492,40.0037855743,0 64.42711494,40.0039047396,0 64.4267877105,40.0040197957,0 64.426460481,40.0041307424,0 64.4261117938,40.004278671,0 64.4260098699,40.0043978356,0
						</coordinates>
					</LinearRing>
				</outerBoundaryIs>
			</Polygon>
		</Placemark>
		<Placemark>
			<name>
				8604 пахта очик 2026
			</name>
			<description>
				40.006092844878545, 64.42865573097994
			</description>
			<Style>
				<LineStyle>
					<color>
						990ac2ff
					</color>
					<width>
						50.0
					</width>
				</LineStyle>
				<PolyStyle>
					<color>
						990ac2ff
					</color>
				</PolyStyle>
			</Style>
			<Polygon>
				<outerBoundaryIs>
					<LinearRing>
						<coordinates>
							64.4287028077,40.0060989892,0 64.4293906562,40.0065160722,0 64.4299378269,40.0068817714,0 64.4303121331,40.0071344533,0 64.4307037356,40.0073563364,0 64.4312199228,40.0077282136,0 64.4314774149,40.0075350942,0 64.4318463567,40.0072988112,0 64.4322284334,40.0070296941,0 64.4325932138,40.0067626112,0 64.4329043501,40.0065448351,0 64.4332786563,40.0062797856,0 64.4335427158,40.0060681908,0 64.4336929195,40.0059490292,0 64.4336017244,40.0058709577,0 64.4332464698,40.0057250678,0 64.4328441384,40.0055812513,0 64.4326241973,40.0054908522,0 64.432248688,40.0053675805,0 64.4319441192,40.0052669277,0 64.4316115253,40.0051436556,0 64.4314130418,40.0050738013,0 64.4310750835,40.0049505289,0 64.4308014982,40.0048354744,0 64.4306620233,40.0047902744,0 64.4302155736,40.0050717276,0 64.4296362165,40.0054374345,0 64.4291641477,40.0057661581,0 64.4287028077,40.0060989892,0
						</coordinates>
					</LinearRing>
				</outerBoundaryIs>
			</Polygon>
		</Placemark>
		<Placemark>
			<name>
				8605 пахта очик 2026
			</name>
			<description>
				40.00775697604212, 64.4312628381418
			</description>
			<Style>
				<LineStyle>
					<color>
						990ac2ff
					</color>
					<width>
						50.0
					</width>
				</LineStyle>
				<PolyStyle>
					<color>
						990ac2ff
					</color>
				</PolyStyle>
			</Style>
			<Polygon>
				<outerBoundaryIs>
					<LinearRing>
						<coordinates>
							64.4312628381,40.007756976,0 64.4315954321,40.0080363817,0 64.4319709413,40.0083404396,0 64.4322177046,40.0085212301,0 64.4324525359,40.0084616323,0 64.4327207568,40.0082972771,0 64.433070647,40.0081021241,0 64.4334234956,40.0079603479,0 64.4336929195,40.0078186098,0 64.4338109367,40.0078021741,0 64.434186446,40.007806283,0 64.4347216847,40.0078494074,0 64.4351454738,40.0078617341,0 64.4357033732,40.0078494074,0 64.4361808064,40.0078247539,0 64.436572409,40.0078083183,0 64.4370939605,40.0078391543,0 64.4369169347,40.0075104407,0 64.4367547992,40.0071344533,0 64.4366272562,40.0070050403,0 64.4364770525,40.0070050403,0 64.4360735181,40.0068098452,0 64.4357623818,40.0066783579,0 64.4351347449,40.0064359276,0 64.434737778,40.0062838947,0 64.4339277509,40.0060003728,0 64.4337680214,40.0059819014,0 64.4333174102,40.0062941864,0 64.4325383666,40.0068838067,0 64.431824899,40.0073892079,0 64.4313754909,40.0076706888,0 64.4312628381,40.007756976,0
						</coordinates>
					</LinearRing>
				</outerBoundaryIs>
			</Polygon>
		</Placemark>
		<Placemark>
			<name>
				8606 пахта очик 2026
			</name>
			<description>
				40.009507351710944, 64.43339787651745
			</description>
			<Style>
				<LineStyle>
					<color>
						990ac2ff
					</color>
					<width>
						50.0
					</width>
				</LineStyle>
				<PolyStyle>
					<color>
						990ac2ff
					</color>
				</PolyStyle>
			</Style>
			<Polygon>
				<outerBoundaryIs>
					<LinearRing>
						<coordinates>
							64.4333925878,40.0094663787,0 64.4335749023,40.0095813103,0 64.4337680214,40.0096840303,0 64.4339182251,40.0097415535,0 64.4339933269,40.0097949678,0 64.4340577756,40.0098361709,0 64.4345726841,40.0097826415,0 64.4357475673,40.0096677102,0 64.436637985,40.0095854191,0 64.4374909275,40.0095278958,0 64.4378986232,40.0095032429,0 64.4381132,40.0094662636,0 64.4381453865,40.0093799785,0 64.4378718012,40.0090019662,0 64.4376840465,40.008677367,0 64.4374855631,40.0084102905,0 64.4373353594,40.0081884108,0 64.4372173422,40.0079377681,0 64.4370725029,40.007896679,0 64.4368901127,40.0078596989,0 64.436637985,40.0078391543,0 64.436149823,40.0078638078,0 64.4356455677,40.0078638078,0 64.4353023206,40.007905012,0 64.4346424215,40.0078925701,0 64.434229437,40.007859814,0 64.4338431989,40.0078557051,0 64.4336876308,40.0078926852,0 64.4333925878,40.0080159524,0 64.4330546295,40.008184417,0 64.4326951378,40.0083281129,0 64.4324644678,40.0084472704,0 64.4323197042,40.0085829782,0 64.4333925878,40.0094663787,0
						</coordinates>
					</LinearRing>
				</outerBoundaryIs>
			</Polygon>
		</Placemark>
		<Placemark>
			<name>
				8602 пахта очик 2026
			</name>
			<description>
				40.01007855072557, 64.42880047005022
			</description>
			<Style>
				<LineStyle>
					<color>
						990ac2ff
					</color>
					<width>
						50.0
					</width>
				</LineStyle>
				<PolyStyle>
					<color>
						990ac2ff
					</color>
				</PolyStyle>
			</Style>
			<Polygon>
				<outerBoundaryIs>
					<LinearRing>
						<coordinates>
							64.4288004701,40.0100785507,0 64.4301362101,40.0100580068,0 64.4313862955,40.010025175,0 64.4325019185,40.0100004839,0 64.4331672823,40.0099635432,0 64.4335748021,40.0099018731,0 64.4335857069,40.0098115181,0 64.4326896731,40.009100655,0 64.4321854178,40.0086897703,0 64.4315255944,40.008172052,0 64.4310537016,40.0078063981,0 64.4302812254,40.0073256536,0 64.429583851,40.0068859955,0 64.4288221037,40.0063929175,0 64.4280548159,40.0059039066,0 64.4275078212,40.0056080944,0 64.4269821083,40.0052464975,0 64.4267029826,40.0050820962,0 64.4265688722,40.0051108598,0 64.426542226,40.005217734,0 64.4266493384,40.0053204223,0 64.4268479978,40.0056080944,0 64.4271106784,40.0061751019,0 64.4273145263,40.0066476365,0 64.4274861876,40.0069065019,0 64.4277919595,40.0073667047,0 64.4281299178,40.00784334,0 64.4284035031,40.0083487341,0 64.428607351,40.0088582333,0 64.4287092749,40.0091705052,0 64.4287255441,40.0092938083,0 64.4287200038,40.0094909932,0 64.4287307326,40.0097621742,0 64.4287414615,40.0098936556,0 64.4288004701,40.0100785507,0
						</coordinates>
					</LinearRing>
				</outerBoundaryIs>
			</Polygon>
		</Placemark>
		<Placemark>
			<name>
				8601 пахта очик 2026
			</name>
			<description>
				40.00926097612758, 64.42561122333727
			</description>
			<Style>
				<LineStyle>
					<color>
						990ac2ff
					</color>
					<width>
						50.0
					</width>
				</LineStyle>
				<PolyStyle>
					<color>
						990ac2ff
					</color>
				</PolyStyle>
			</Style>
			<Polygon>
				<outerBoundaryIs>
					<LinearRing>
						<coordinates>
							64.4256112233,40.0092609761,0 64.4256985087,40.0095056235,0 64.4257628817,40.0097316077,0 64.4258165259,40.0099000682,0 64.4258487124,40.0100767458,0 64.4260457412,40.0100950626,0 64.4265929118,40.0100909538,0 64.4271025315,40.0100950626,0 64.4276121513,40.0101073889,0 64.4282451526,40.0100909538,0 64.4285362858,40.0100644194,0 64.42858993,40.0099329385,0 64.4285831109,40.0096307694,0 64.4285509244,40.0092979555,0 64.4285080091,40.0090678611,0 64.4283738986,40.008689847,0 64.4283202544,40.0085378191,0 64.4282397882,40.0085254925,0 64.4276994366,40.0086879653,0 64.4271400825,40.0088500924,0 64.4267592088,40.0089815754,0 64.4261852161,40.0091089494,0 64.4257682461,40.0092180062,0 64.4256112233,40.0092609761,0
						</coordinates>
					</LinearRing>
				</outerBoundaryIs>
			</Polygon>
		</Placemark>
		<Placemark>
			<name>
				8472 пахта очик 2026
			</name>
			<description>
				40.01064571294203, 64.42535899547313
			</description>
			<Style>
				<LineStyle>
					<color>
						990ac2ff
					</color>
					<width>
						50.0
					</width>
				</LineStyle>
				<PolyStyle>
					<color>
						990ac2ff
					</color>
				</PolyStyle>
			</Style>
			<Polygon>
				<outerBoundaryIs>
					<LinearRing>
						<coordinates>
							64.4263539578,40.010672698,0 64.426407602,40.0107096767,0 64.4267483797,40.010847041,0 64.4275019433,40.0109520918,0 64.4279579188,40.0109233307,0 64.4284113493,40.0108716934,0 64.4289156046,40.0108264973,0 64.4291702773,40.0107918514,0 64.4291112687,40.0104631519,0 64.429087266,40.0103046865,0 64.4287250306,40.0103275629,0 64.4279901053,40.0103316717,0 64.4273624684,40.0103275629,0 64.4267455603,40.0103152367,0 64.426471975,40.0103029104,0 64.4264505173,40.0103850856,0 64.4264183308,40.0104960219,0 64.4263539578,40.010672698,0
						</coordinates>
					</LinearRing>
				</outerBoundaryIs>
			</Polygon>
		</Placemark>
		<Placemark>
			<name>
				8470 пахта очик 2026
			</name>
			<description>
				40.015699508608144, 64.43558595786747
			</description>
			<Style>
				<LineStyle>
					<color>
						990ac2ff
					</color>
					<width>
						50.0
					</width>
				</LineStyle>
				<PolyStyle>
					<color>
						990ac2ff
					</color>
				</PolyStyle>
			</Style>
			<Polygon>
				<outerBoundaryIs>
					<LinearRing>
						<coordinates>
							64.4355432059,40.0155947913,0 64.4363210465,40.0154674294,0 64.437302735,40.0153400673,0 64.4378820922,40.0152537896,0 64.4382736947,40.015212705,0 64.4386009242,40.0151469695,0 64.4386758627,40.0150914571,0 64.4385258223,40.0149045693,0 64.4384078051,40.0147114702,0 64.4382629658,40.0145512386,0 64.4380750478,40.0142861914,0 64.4374368455,40.0135323213,0 64.4369272258,40.012961228,0 64.4365141656,40.0124928457,0 64.4361116708,40.0120593358,0 64.4358167912,40.0117009422,0 64.4355592992,40.0114544211,0 64.4353284658,40.0114512519,0 64.434985143,40.0115416431,0 64.4347759057,40.011558097,0 64.4345720578,40.0115539883,0 64.4342394639,40.0115046841,0 64.4339766074,40.0114512711,0 64.4336010981,40.0113690971,0 64.4332953263,40.0113033579,0 64.4329251815,40.0112787057,0 64.4326142337,40.0112941819,0 64.4323674705,40.0112777471,0 64.4320724275,40.0113229428,0 64.4317398335,40.0113640298,0 64.4314984347,40.0113999411,0 64.431251483,40.0114266189,0 64.4310744573,40.0114759232,0 64.4309993554,40.0115457709,0 64.4310959149,40.0117964004,0 64.43118711,40.0120264857,0 64.4313428666,40.0122134582,0 64.4315306212,40.0123326089,0 64.4317666556,40.0124353248,0 64.4321527053,40.012585261,0 64.4324425723,40.0126952352,0 64.4326517846,40.0127897333,0 64.4328449037,40.0128308194,0 64.4332204129,40.0132365038,0 64.4335152675,40.0136124096,0 64.43379977,40.0139062,0 64.4342181946,40.0144033322,0 64.4345452357,40.0147627976,0 64.4348565604,40.0150165651,0 64.4351460505,40.0152845743,0 64.435403731,40.0154879717,0 64.4355432059,40.0155947913,0
						</coordinates>
					</LinearRing>
				</outerBoundaryIs>
			</Polygon>
		</Placemark>
		<Placemark>
			<name>
				8465 пахта очик 2026
			</name>
			<description>
				40.011768033084586, 64.44814888621393
			</description>
			<Style>
				<LineStyle>
					<color>
						990ac2ff
					</color>
					<width>
						50.0
					</width>
				</LineStyle>
				<PolyStyle>
					<color>
						990ac2ff
					</color>
				</PolyStyle>
			</Style>
			<Polygon>
				<outerBoundaryIs>
					<LinearRing>
						<coordinates>
							64.4483113731,40.0119446291,0 64.44893901,40.0125116224,0 64.4499797071,40.0134360578,0 64.450414225,40.0138181541,0 64.4508702005,40.0136209433,0 64.451492473,40.0135634234,0 64.4518197025,40.0134524921,0 64.4521683897,40.0132059772,0 64.4530857052,40.0126677501,0 64.4537884439,40.0121747139,0 64.4535363163,40.0119446291,0 64.4531447138,40.0116118266,0 64.452967688,40.0114515877,0 64.4526994671,40.0112625876,0 64.4525331701,40.0111393263,0 64.4521522964,40.0110735869,0 64.4518357958,40.0109462166,0 64.4513690914,40.0106709315,0 64.4509935821,40.0104983642,0 64.4507307256,40.0104408417,0 64.4505038657,40.010276568,0 64.4503322044,40.0101327611,0 64.4501444497,40.0099971715,0 64.4498225846,40.0097259914,0 64.4496938386,40.0096191626,0 64.449468533,40.0094424838,0 64.4492861428,40.0093315457,0 64.4490876594,40.0091877368,0 64.4490340152,40.0091178867,0 64.4489535489,40.0090480365,0 64.4488140741,40.0089781862,0 64.4485941329,40.0088631385,0 64.4483634629,40.0087275464,0 64.4483044543,40.0086987844,0 64.4480845132,40.0088713562,0 64.4477411904,40.0091548662,0 64.4475480714,40.0093520898,0 64.4473013082,40.0095821834,0 64.4470652738,40.0097629706,0 64.4465035642,40.0101203581,0 64.4463732638,40.0102683505,0 64.4467434087,40.0106134858,0 64.4470974603,40.0109216409,0 64.4474354186,40.0112133598,0 64.4477411904,40.0114804253,0 64.4479504027,40.0116694248,0 64.4480362334,40.0117515984,0 64.4483113731,40.0119446291,0
						</coordinates>
					</LinearRing>
				</outerBoundaryIs>
			</Polygon>
		</Placemark>
		<Placemark>
			<name>
				8619 пахта очик 2026
			</name>
			<description>
				40.00172424422121, 64.43793156291416
			</description>
			<Style>
				<LineStyle>
					<color>
						990ac2ff
					</color>
					<width>
						50.0
					</width>
				</LineStyle>
				<PolyStyle>
					<color>
						990ac2ff
					</color>
				</PolyStyle>
			</Style>
			<Polygon>
				<outerBoundaryIs>
					<LinearRing>
						<coordinates>
							64.4379315629,40.0017242442,0 64.4380013003,40.0018434132,0 64.4380603089,40.0019872376,0 64.4381085887,40.0020899691,0 64.4382051482,40.0022050282,0 64.438446547,40.0024187088,0 64.4387147679,40.0026940271,0 64.4390419974,40.0030309824,0 64.4392994895,40.0033062983,0 64.4395247951,40.0035405213,0 64.4397447362,40.0037254337,0 64.4398842111,40.0038692541,0 64.4401256099,40.0041199118,0 64.4403562799,40.0043664594,0 64.4405547633,40.0045965697,0 64.4408122554,40.0048554429,0 64.4409570947,40.0049951518,0 64.4410107389,40.0049869337,0 64.4411072984,40.0049335156,0 64.4413326039,40.0048061338,0 64.4415954604,40.0046746427,0 64.4418261304,40.004530824,0 64.4419870629,40.004423987,0 64.4421748176,40.0043335864,0 64.4423625722,40.0042144218,0 64.4424323096,40.0041733305,0 64.442475225,40.0041363483,0 64.4423518434,40.0040336199,0 64.4422391906,40.0039308913,0 64.442115809,40.0038445992,0 64.4419977918,40.0037541978,0 64.4418475881,40.0036596871,0 64.4416759267,40.0035857222,0 64.4415471807,40.0035364121,0 64.4414184346,40.003437792,0 64.4412735953,40.003322735,0 64.4411180272,40.0031665859,0 64.4410321965,40.0030597468,0 64.4409463658,40.0029405799,0 64.440871264,40.0028501773,0 64.4407532468,40.0027679931,0 64.4405923143,40.0026858087,0 64.4404260173,40.0025871873,0 64.4402972713,40.002509112,0 64.4401148811,40.0024474735,0 64.4399593129,40.002439255,0 64.4397071853,40.0024310365,0 64.4395194307,40.0024269273,0 64.4392619386,40.002352961,0 64.4390098109,40.0022707761,0 64.4387523189,40.0021598264,0 64.4385591998,40.002057095,0 64.4383929029,40.0019379264,0 64.4382266059,40.0018516317,0 64.4380549445,40.0017488999,0 64.4379798427,40.0017119164,0 64.4379315629,40.0017242442,0
						</coordinates>
					</LinearRing>
				</outerBoundaryIs>
			</Polygon>
		</Placemark>
		<Placemark>
			<name>
				8825 пахта очик 2026
			</name>
			<description>
				40.0001924968202, 64.36872865917285
			</description>
			<Style>
				<LineStyle>
					<color>
						990ac2ff
					</color>
					<width>
						50.0
					</width>
				</LineStyle>
				<PolyStyle>
					<color>
						990ac2ff
					</color>
				</PolyStyle>
			</Style>
			<Polygon>
				<outerBoundaryIs>
					<LinearRing>
						<coordinates>
							64.3687286592,40.0001924968,0 64.3692168212,40.0001267469,0 64.3698659158,40.0000445593,0 64.3704238153,39.9999582623,0 64.3709441638,39.9999048402,0 64.371164105,39.9998801839,0 64.3711426473,39.9997158081,0 64.3710836387,39.9995432131,0 64.3708851552,39.9990377538,0 64.3707885957,39.9988610476,0 64.3707242227,39.9988322815,0 64.3707564092,39.9987870775,0 64.3706974006,39.9986062612,0 64.3706008411,39.9983350358,0 64.3704774594,39.9980186049,0 64.3703701711,39.9977638153,0 64.3702843404,39.9975583392,0 64.3702414251,39.9974350532,0 64.3701824165,39.9973980673,0 64.3700053907,39.9974309436,0 64.3697586274,39.9974925867,0 64.3693455672,39.9975871059,0 64.3690880752,39.9976569678,0 64.368803761,39.9977103916,0 64.3685677266,39.9977761439,0 64.3684067941,39.99780902,0 64.3682404971,39.9978377866,0 64.3681224799,39.9978747722,0 64.3681117511,39.9980062764,0 64.368213675,39.9983268169,0 64.3682619548,39.9985240718,0 64.3683378511,39.9987269951,0 64.3684022241,39.9990516416,0 64.3684228873,39.9991856935,0 64.3684987836,39.9993762866,0 64.3686221652,39.9998365401,0 64.3686543517,40.0000132437,0 64.3686597161,40.0001447438,0 64.3687286592,40.0001924968,0
						</coordinates>
					</LinearRing>
				</outerBoundaryIs>
			</Polygon>
		</Placemark>
		<Placemark>
			<name>
				8842 пахта очик 2026
			</name>
			<description>
				39.99749872451078, 64.35955282216244
			</description>
			<Style>
				<LineStyle>
					<color>
						990ac2ff
					</color>
					<width>
						50.0
					</width>
				</LineStyle>
				<PolyStyle>
					<color>
						990ac2ff
					</color>
				</PolyStyle>
			</Style>
			<Polygon>
				<outerBoundaryIs>
					<LinearRing>
						<coordinates>
							64.3595122639,39.9975362151,0 64.3597137547,39.9975151626,0 64.360153637,39.9974658482,0 64.3606686211,39.9973590002,0 64.361001215,39.9972932475,0 64.3612801648,39.9972685903,0 64.3617051613,39.9971763743,0 64.3623381626,39.9970530876,0 64.3627285576,39.9969644831,0 64.3632971859,39.9968165386,0 64.3637072388,39.996714304,0 64.3636106792,39.996434852,0 64.3635141197,39.9962047141,0 64.3633401013,39.9958220144,0 64.3631791688,39.9954850236,0 64.3631469822,39.9953617338,0 64.3629604351,39.9953722569,0 64.3626439345,39.9954544501,0 64.3619733822,39.9956065072,0 64.3614852202,39.9957503447,0 64.3610453379,39.995848976,0 64.3604713452,39.9959804841,0 64.3601172936,39.9960626765,0 64.359827615,39.9961489785,0 64.3593823683,39.9962352803,0 64.3590926897,39.9963051436,0 64.3588363472,39.9963608792,0 64.358847076,39.9964718383,0 64.3590509239,39.9968375913,0 64.3593406025,39.997260876,0 64.3594264332,39.9974704626,0 64.3595122639,39.9975362151,0
						</coordinates>
					</LinearRing>
				</outerBoundaryIs>
			</Polygon>
		</Placemark>
		<Placemark>
			<name>
				8652 пахта очик 2026
			</name>
			<description>
				39.99697543503976, 64.4180087837836
			</description>
			<Style>
				<LineStyle>
					<color>
						990ac2ff
					</color>
					<width>
						50.0
					</width>
				</LineStyle>
				<PolyStyle>
					<color>
						990ac2ff
					</color>
				</PolyStyle>
			</Style>
			<Polygon>
				<outerBoundaryIs>
					<LinearRing>
						<coordinates>
							64.4180171543,39.9969587341,0 64.4183819347,39.9968313375,0 64.4186662489,39.9966710639,0 64.4188402686,39.9965439294,0 64.4187735373,39.9964039405,0 64.4187198931,39.9962970908,0 64.4186471495,39.9961699556,0 64.4185398612,39.9960055709,0 64.4183628354,39.9958288569,0 64.4182287249,39.9956151556,0 64.4181643519,39.9955041951,0 64.4180034194,39.995372686,0 64.4179712329,39.9953110411,0 64.4178746733,39.9952206284,0 64.4178424868,39.9951672027,0 64.4179229531,39.9950973382,0 64.4181428942,39.9949945962,0 64.4182907396,39.9948874816,0 64.4181137138,39.9947518617,0 64.417974239,39.9946696677,0 64.4177918488,39.9946039124,0 64.417448526,39.9946408997,0 64.4165741259,39.9949080301,0 64.4167028719,39.9951340626,0 64.416922813,39.9954505069,0 64.4171803051,39.9958039364,0 64.4173948818,39.9960628429,0 64.4175504499,39.99630531,0 64.4176899248,39.9964655844,0 64.4178562218,39.9967491459,0 64.417936688,39.9968683236,0 64.4180171543,39.9969587341,0
						</coordinates>
					</LinearRing>
				</outerBoundaryIs>
			</Polygon>
		</Placemark>
		<Placemark>
			<name>
				8359 пахта очик 2026
			</name>
			<description>
				оллот замини
			</description>
			<Style>
				<LineStyle>
					<color>
						990ac2ff
					</color>
					<width>
						10.0
					</width>
				</LineStyle>
				<PolyStyle>
					<color>
						990ac2ff
					</color>
				</PolyStyle>
			</Style>
			<Polygon>
				<outerBoundaryIs>
					<LinearRing>
						<coordinates>
							64.421498919,40.0433599864,0 64.4215511713,40.0433029573,0 64.4220715366,40.0433393387,0 64.4226830803,40.0433639793,0 64.4233375393,40.0433229116,0 64.4237988793,40.0432736303,0 64.4243675076,40.0432325625,0 64.4247215592,40.0432161354,0 64.425322374,40.0431914947,0 64.4253974758,40.0434132606,0 64.42545112,40.0436925203,0 64.425515493,40.0439471384,0 64.4256031661,40.0443073749,0 64.4257499553,40.0446570277,0 64.4257113897,40.0447561133,0 64.4244211517,40.045121655,0 64.4228402663,40.0455424141,0 64.4227206144,40.0455452198,0 64.4226186905,40.0454877268,0 64.4225704107,40.0453932739,0 64.4224148594,40.0451873616,0 64.4220876131,40.0446088994,0 64.4218140446,40.0442099691,0 64.4216065722,40.0436922537,0 64.4215189848,40.0434590146,0 64.421498919,40.0433599864,0
						</coordinates>
					</LinearRing>
				</outerBoundaryIs>
			</Polygon>
		</Placemark>
		<Placemark>
			<name>
				8355 пахта очик 2026
			</name>
			<description>
				Оллот замини
			</description>
			<Style>
				<LineStyle>
					<color>
						990ac2ff
					</color>
					<width>
						10.0
					</width>
				</LineStyle>
				<PolyStyle>
					<color>
						990ac2ff
					</color>
				</PolyStyle>
			</Style>
			<Polygon>
				<outerBoundaryIs>
					<LinearRing>
						<coordinates>
							64.4149040463,40.0426601792,0 64.4150113346,40.0426560724,0 64.4152098181,40.0426150042,0 64.4155486881,40.0425673205,0 64.415779358,40.0425344659,0 64.4162246047,40.042485184,0 64.4165411054,40.0424646499,0 64.416830784,40.0424317953,0 64.4171410086,40.0424343041,0 64.4173985007,40.0424096631,0 64.4175433399,40.0424055563,0 64.417607713,40.042364488,0 64.4176291706,40.0423028854,0 64.4175808909,40.0422043213,0 64.4175594332,40.0420934365,0 64.4175165179,40.041941483,0 64.4174521448,40.0417854222,0 64.4174253227,40.041666323,0 64.4173502209,40.0414568721,0 64.41731267,40.0413049171,0 64.417248297,40.0411406411,0 64.4172268393,40.0410256476,0 64.4171785595,40.0409394024,0 64.4171785595,40.040857264,0 64.4171249153,40.040799767,0 64.4171034577,40.0407586978,0 64.4170980932,40.0406806661,0 64.4170551779,40.0406067412,0 64.4169800761,40.040401394,0 64.4168604642,40.0400950086,0 64.4167370826,40.0397500223,0 64.4166619807,40.0394419974,0 64.4165600568,40.039109329,0 64.4164956838,40.0389532617,0 64.4164742261,40.0387971941,0 64.4163723021,40.0387561236,0 64.4162185046,40.0387853313,0 64.416068125,40.0387996647,0 64.4160198452,40.0386846673,0 64.4157537891,40.0386903533,0 64.4153890087,40.0387724943,0 64.4153890087,40.0392899804,0 64.4153890087,40.0397335368,0 64.4136174976,40.0397910538,0 64.4136595013,40.039961949,0 64.413622862,40.0401524677,0 64.4136541369,40.0404260357,0 64.4136121332,40.0406740503,0 64.4136648657,40.0408408363,0 64.4137077811,40.0410626098,0 64.4137506964,40.0412227791,0 64.413815981,40.0414707908,0 64.4140412866,40.0416802417,0 64.414148575,40.0419061193,0 64.4144167959,40.0421402099,0 64.4145669996,40.0423332314,0 64.4147279321,40.0425467864,0 64.4149040463,40.0426601792,0
						</coordinates>
					</LinearRing>
				</outerBoundaryIs>
			</Polygon>
		</Placemark>
		<Placemark>
			<name>
				8541 пахта очик 2026
			</name>
			<description>
				бокиев лазиз
			</description>
			<Style>
				<LineStyle>
					<color>
						990ac2ff
					</color>
					<width>
						10.0
					</width>
				</LineStyle>
				<PolyStyle>
					<color>
						990ac2ff
					</color>
				</PolyStyle>
			</Style>
			<Polygon>
				<outerBoundaryIs>
					<LinearRing>
						<coordinates>
							64.3853949003,40.0136802416,0 64.3854727586,40.0138363646,0 64.3855371316,40.0141403966,0 64.3857195219,40.0145841166,0 64.3858804544,40.0150442676,0 64.3860843023,40.0155948013,0 64.3864168962,40.0165808207,0 64.3865241846,40.0168601903,0 64.3867816766,40.0173367593,0 64.3872644743,40.0180680397,0 64.3866207441,40.018314537,0 64.3861808618,40.0174600093,0 64.3856707418,40.0167656189,0 64.3853542412,40.0165026825,0 64.3852259954,40.01630145,0 64.3851508936,40.0160713791,0 64.3849840963,40.0158412286,0 64.3846354092,40.0150318633,0 64.3845442141,40.0147853542,0 64.3843891462,40.0144115592,0 64.3842813576,40.0141978372,0 64.384184798,40.0140129532,0 64.3843488388,40.0139185377,0 64.3846707039,40.0138240411,0 64.3849161214,40.0137378445,0 64.3850645626,40.013667835,0 64.3852147663,40.0136472922,0 64.3853949003,40.0136802416,0
						</coordinates>
					</LinearRing>
				</outerBoundaryIs>
			</Polygon>
		</Placemark>
		<Placemark>
			<name>
				8540 пахта очик 2026
			</name>
			<description>
				бокиев лазиз
			</description>
			<Style>
				<LineStyle>
					<color>
						990ac2ff
					</color>
					<width>
						10.0
					</width>
				</LineStyle>
				<PolyStyle>
					<color>
						990ac2ff
					</color>
				</PolyStyle>
			</Style>
			<Polygon>
				<outerBoundaryIs>
					<LinearRing>
						<coordinates>
							64.3842619583,40.0141908711,0 64.3843531534,40.0144455994,0 64.3844963243,40.0148415399,0 64.3845737905,40.0150352734,0 64.3848788664,40.0157274435,0 64.3845033571,40.0158671302,0 64.38398989,40.0160972423,0 64.3834883169,40.0163211505,0 64.3833327488,40.0164485108,0 64.383206685,40.0164998657,0 64.3822035388,40.0169558954,0 64.3814525203,40.0172989428,0 64.3813253859,40.0173112411,0 64.3811559603,40.0171694893,0 64.3808394596,40.0167874117,0 64.3805444166,40.0164340908,0 64.3802654669,40.0160355755,0 64.3800187036,40.0155713227,0 64.3800187036,40.015382334,0 64.3801559428,40.015347426,0 64.3805099944,40.0152734737,0 64.3808275656,40.0151625718,0 64.3810233668,40.0150845108,0 64.3812985638,40.0149612298,0 64.3816751436,40.0148112967,0 64.381904743,40.0147558054,0 64.3820442179,40.0146982864,0 64.3824637131,40.0145278103,0 64.3832549647,40.0142032373,0 64.3837791607,40.0140224213,0 64.3839561865,40.0139854444,0 64.384181492,40.01399777,0 64.3842619583,40.0141908711,0
						</coordinates>
					</LinearRing>
				</outerBoundaryIs>
			</Polygon>
		</Placemark>
		<Placemark>
			<name>
				8551 пахта очик 2026
			</name>
			<description>
				бокиев лазиз
			</description>
			<Style>
				<LineStyle>
					<color>
						990ac2ff
					</color>
					<width>
						10.0
					</width>
				</LineStyle>
				<PolyStyle>
					<color>
						990ac2ff
					</color>
				</PolyStyle>
			</Style>
			<Polygon>
				<outerBoundaryIs>
					<LinearRing>
						<coordinates>
							64.3891358783,40.0240404479,0 64.3892646244,40.0240486638,0 64.3894362857,40.0240733114,0 64.3895435741,40.0240774193,0 64.3897045066,40.0241143907,0 64.3898708036,40.0241390383,0 64.389940541,40.0241513621,0 64.3899351766,40.0240733114,0 64.3899244478,40.0239500733,0 64.3898922613,40.0238432667,0 64.3898600748,40.0237734316,0 64.3898171594,40.0236994884,0 64.3898225238,40.0235967894,0 64.3898171594,40.0235474939,0 64.3897903373,40.0234735505,0 64.3897796085,40.0233503113,0 64.3897635152,40.0232969075,0 64.3898064306,40.0232476118,0 64.3899190834,40.0232106399,0 64.3901229313,40.023185992,0 64.3903267791,40.023165452,0 64.3905789068,40.0231408041,0 64.3907076528,40.0231120482,0 64.3907237461,40.0230381043,0 64.3906540086,40.0228409202,0 64.3905896356,40.0227382199,0 64.390530627,40.0226231955,0 64.3904501608,40.0224794146,0 64.3903482368,40.0223561736,0 64.3902409484,40.0222288243,0 64.390097865,40.0221324018,0 64.3899798478,40.0220461327,0 64.3897892351,40.0216147472,0 64.3896175737,40.0214422075,0 64.3893815393,40.0214380994,0 64.3889899368,40.0215243693,0 64.3887217159,40.0215777744,0 64.3885232324,40.0216270714,0 64.3887567605,40.0222761834,0 64.3888372268,40.0223788844,0 64.3888837507,40.0225738992,0 64.3889481237,40.0226765997,0 64.3890124967,40.0228121641,0 64.3890607765,40.0229354043,0 64.3890446832,40.0230298883,0 64.3890554121,40.023165452,0 64.3890500476,40.0233133395,0 64.3890661409,40.0234940903,0 64.3891090562,40.0235885735,0 64.3891358783,40.0237035964,0 64.3891412428,40.0238350508,0 64.3891519716,40.0239747209,0 64.3891358783,40.0240404479,0
						</coordinates>
					</LinearRing>
				</outerBoundaryIs>
			</Polygon>
		</Placemark>
		<Placemark>
			<name>
				8535 пахта очик 2026
			</name>
			<description>
				бокиев лазиз
			</description>
			<Style>
				<LineStyle>
					<color>
						990ac2ff
					</color>
					<width>
						10.0
					</width>
				</LineStyle>
				<PolyStyle>
					<color>
						990ac2ff
					</color>
				</PolyStyle>
			</Style>
			<Polygon>
				<outerBoundaryIs>
					<LinearRing>
						<coordinates>
							64.3844112301,40.0257842841,0 64.3846258068,40.0258130389,0 64.3848765054,40.0258356113,0 64.3852198281,40.0258273956,0 64.3855631509,40.0258356113,0 64.3860244908,40.0258520426,0 64.3863960647,40.0258869798,0 64.3869807863,40.0259198424,0 64.3873992109,40.0259362737,0 64.3877947488,40.0259506303,0 64.3882024445,40.0259506303,0 64.3886637845,40.025958846,0 64.3889287846,40.0259085553,0 64.3888322251,40.0257688892,0 64.388760344,40.0255562784,0 64.3887174287,40.0253508859,0 64.3885364675,40.0252790191,0 64.3881716871,40.0252708034,0 64.3868198538,40.0252420483,0 64.3856879616,40.0251804304,0 64.3851193332,40.0251763225,0 64.3846419,40.0251639989,0 64.3843629503,40.0252091854,0 64.3843507924,40.0254166116,0 64.3843575859,40.0256240785,0 64.3844112301,40.0257842841,0
						</coordinates>
					</LinearRing>
				</outerBoundaryIs>
			</Polygon>
		</Placemark>
		<Placemark>
			<name>
				8537 пахта очик 2026
			</name>
			<description/>
			<Style>
				<LineStyle>
					<color>
						990ac2ff
					</color>
					<width>
						10.0
					</width>
				</LineStyle>
				<PolyStyle>
					<color>
						990ac2ff
					</color>
				</PolyStyle>
			</Style>
			<Polygon>
				<outerBoundaryIs>
					<LinearRing>
						<coordinates>
							64.3854757208,40.02268896,0 64.3856500644,40.022680744,0 64.385888781,40.022670474,0 64.3861435909,40.0226499339,0 64.3863823075,40.0226396638,0 64.3866344351,40.0226211777,0 64.3868919272,40.0226211777,0 64.3871225972,40.0226067996,0 64.3873237629,40.0226047456,0 64.3875463862,40.0226047456,0 64.3877421875,40.0226026916,0 64.387967493,40.0225924216,0 64.388096239,40.0225883135,0 64.3882813115,40.0225821515,0 64.3885039348,40.0225677734,0 64.3886434097,40.0225246392,0 64.3886387447,40.022357758,0 64.388590465,40.022082519,0 64.388488541,40.0218647918,0 64.3884358283,40.0217296916,0 64.388392913,40.0216393139,0 64.3883222441,40.0214498758,0 64.388290989,40.0213229911,0 64.3881774048,40.0210760385,0 64.3881354209,40.0210107748,0 64.3880969385,40.0208706325,0 64.3880164722,40.0207432804,0 64.3878333826,40.0207684351,0 64.3876322169,40.0208033543,0 64.3874042291,40.0208670302,0 64.3871789236,40.0208998952,0 64.3869133849,40.0209615171,0 64.3865968842,40.0210169767,0 64.3864064474,40.0210518957,0 64.3861865062,40.0211032471,0 64.3859236497,40.0211648688,0 64.3857493062,40.0211977336,0 64.3855347294,40.0212552471,0 64.3853657503,40.0213004362,0 64.3852155466,40.021333301,0 64.385118987,40.0213682198,0 64.3851840595,40.0215114971,0 64.3852645258,40.0217374416,0 64.3852826018,40.0218591356,0 64.3853147883,40.0219926476,0 64.3853557209,40.0221605719,0 64.3853442926,40.0223069134,0 64.3853620168,40.0224691411,0 64.38537811,40.0225718417,0 64.3853898902,40.022670474,0 64.3854757208,40.02268896,0
						</coordinates>
					</LinearRing>
				</outerBoundaryIs>
			</Polygon>
		</Placemark>
		<Placemark>
			<name>
				8538 пахта очик 2026
			</name>
			<description>
				бокиев лазиз
			</description>
			<Style>
				<LineStyle>
					<color>
						990ac2ff
					</color>
					<width>
						10.0
					</width>
				</LineStyle>
				<PolyStyle>
					<color>
						990ac2ff
					</color>
				</PolyStyle>
			</Style>
			<Polygon>
				<outerBoundaryIs>
					<LinearRing>
						<coordinates>
							64.3850615593,40.0212203269,0 64.3851849409,40.0212203269,0 64.3853739978,40.021187394,0 64.3855349303,40.0211339886,0 64.3857293655,40.0211012314,0 64.3859761287,40.0210396097,0 64.3862389852,40.0209779879,0 64.3865018417,40.0209163661,0 64.3866829158,40.0208751771,0 64.3869256307,40.0208321495,0 64.3871455719,40.0207890142,0 64.3873735596,40.020752041,0 64.3876686026,40.0206945271,0 64.3878403278,40.020653406,0 64.3879476162,40.0206205409,0 64.387893972,40.0205465943,0 64.3878510566,40.0204397824,0 64.3877759548,40.0203452948,0 64.3876847597,40.0202015092,0 64.3876364799,40.0200946967,0 64.3875935646,40.0200166414,0 64.3874594541,40.0198482059,0 64.3873897167,40.0197578257,0 64.3873360725,40.0196838782,0 64.3873253437,40.0195647404,0 64.3872287842,40.0194045202,0 64.38717514,40.0192607325,0 64.3871000381,40.0191498104,0 64.3870463939,40.0190635375,0 64.3869283767,40.0189608316,0 64.3868586393,40.0188581255,0 64.3867298933,40.0187389862,0 64.3866118761,40.0186198467,0 64.3865475031,40.0185335731,0 64.3864777656,40.018500707,0 64.3864133926,40.0184924905,0 64.386290011,40.0185376814,0 64.3861397435,40.0186239947,0 64.3859332134,40.0187041057,0 64.3856945606,40.0187718522,0 64.3854799839,40.0188622337,0 64.3852291585,40.0189730883,0 64.3850025507,40.0190635375,0 64.3847665163,40.0191457022,0 64.3845116426,40.0192484476,0 64.3843427273,40.0193141394,0 64.3841442438,40.0193880873,0 64.3839618536,40.0194702516,0 64.3837740989,40.0195483075,0 64.3836801578,40.0196099703,0 64.3838410904,40.01977019,0 64.3840073873,40.0199139766,0 64.384093218,40.0199920321,0 64.3842648794,40.0201543049,0 64.3844445874,40.0203556049,0 64.384618931,40.0205733369,0 64.3847315837,40.020754095,0 64.3848254611,40.0209266364,0 64.3848845335,40.0209861645,0 64.3849864574,40.0211463809,0 64.3850615593,40.0212203269,0
						</coordinates>
					</LinearRing>
				</outerBoundaryIs>
			</Polygon>
		</Placemark>
		<Placemark>
			<name>
				8615 пахта очик 2026
			</name>
			<description>
				сарвар бахром
			</description>
			<Style>
				<LineStyle>
					<color>
						990ac2ff
					</color>
					<width>
						10.0
					</width>
				</LineStyle>
				<PolyStyle>
					<color>
						990ac2ff
					</color>
				</PolyStyle>
			</Style>
			<Polygon>
				<outerBoundaryIs>
					<LinearRing>
						<coordinates>
							64.4375363477,40.0006529586,0 64.4376283002,40.0005314887,0 64.4378296521,40.0003942752,0 64.4380227711,40.000201135,0 64.4382427123,39.9999915568,0 64.4383607295,39.9998641658,0 64.4386557725,39.999679243,0 64.439025962,40.0000310452,0 64.439176121,40.0002134631,0 64.4393735282,40.0003531726,0 64.4395983226,40.0005827032,0 64.4399195413,40.0009039644,0 64.440055796,40.0010652203,0 64.4405910877,40.0015306339,0 64.4412244763,40.0021101196,0 64.4413518682,40.002274735,0 64.4417730514,40.0026340633,0 64.4420120725,40.0028026512,0 64.4424055007,40.0031392717,0 64.4428185609,40.0033447311,0 64.4436178591,40.0040350701,0 64.4433174517,40.0042898363,0 64.4424752381,40.0037104473,0 64.442217746,40.0034762248,0 64.4418658474,40.0033359069,0 64.441791157,40.0033035142,0 64.4415629759,40.0031056236,0 64.4412360575,40.0027406788,0 64.4411019471,40.002596856,0 64.4409218698,40.0025278867,0 64.4407115572,40.0023982557,0 64.4405422885,40.0023050473,0 64.4402368514,40.0021456209,0 64.44008115,40.0021082384,0 64.4398734954,40.0020832008,0 64.4396428254,40.0020667638,0 64.4394657996,40.0020338897,0 64.439278045,40.0019969063,0 64.4388796812,40.0018455589,0 64.4385630843,40.0016707779,0 64.4383982804,40.001573651,0 64.4381292834,40.0013735457,0 64.4380381583,40.0012388581,0 64.4378876321,40.0010786955,0 64.4377772723,40.0009871351,0 64.4376055386,40.0008498713,0 64.4374906091,40.0007619417,0 64.4375363477,40.0006529586,0
						</coordinates>
					</LinearRing>
				</outerBoundaryIs>
			</Polygon>
		</Placemark>
		<Placemark>
			<name>
				8616 пахта очик 2026
			</name>
			<description>
				сарвар бахром
			</description>
			<Style>
				<LineStyle>
					<color>
						990ac2ff
					</color>
					<width>
						10.0
					</width>
				</LineStyle>
				<PolyStyle>
					<color>
						990ac2ff
					</color>
				</PolyStyle>
			</Style>
			<Polygon>
				<outerBoundaryIs>
					<LinearRing>
						<coordinates>
							64.4358875394,39.9973138164,0 64.4359574702,39.9974560203,0 64.4362686064,39.9975217729,0 64.4368050483,39.9979450533,0 64.437314668,39.9984258639,0 64.4378189233,39.9989765316,0 64.4384894755,39.9995888361,0 64.4374112275,40.0006079615,0 64.4372020152,40.0004928997,0 64.4370357182,40.00042715,0 64.4365260985,40.0002586662,0 64.4361774113,40.0000984007,0 64.4357214358,39.9998230719,0 64.4351152566,39.999477882,0 64.4347558406,39.9994121313,0 64.4342891362,39.9992559733,0 64.4340960171,39.9988080442,0 64.4339947047,39.9986397134,0 64.4339277191,39.9985476136,0 64.4338265212,39.9983010553,0 64.4337948107,39.9981179738,0 64.4337599039,39.9979301648,0 64.433691773,39.9977832747,0 64.433643272,39.9976861806,0 64.4334967119,39.9974926041,0 64.433308346,39.9972256791,0 64.4331586408,39.9970297578,0 64.4330035009,39.9967219136,0 64.4329241904,39.9964846158,0 64.4328262462,39.9962451644,0 64.4327656415,39.9960998601,0 64.4326261666,39.9959067078,0 64.4322345641,39.9954053312,0 64.4319180634,39.9951053255,0 64.4317088511,39.9946450401,0 64.4309900191,39.9934902032,0 64.430834451,39.9929846991,0 64.4305608657,39.9925778272,0 64.4305555012,39.9924545322,0 64.4306842473,39.9923928847,0 64.4310543921,39.9922654795,0 64.4311563161,39.9924011043,0 64.4312743333,39.9926887925,0 64.4314674523,39.9929970285,0 64.4318107751,39.9932764946,0 64.4320521739,39.9935271912,0 64.4322238353,39.9936792526,0 64.4324705985,39.9939299477,0 64.4329212096,39.9943244823,0 64.4333771851,39.9947929893,0 64.4337419656,39.9951464222,0 64.4339082625,39.9953149187,0 64.4340180034,39.9954325963,0 64.4342077365,39.9956168216,0 64.4344339755,39.995803967,0 64.4347236541,39.9960710928,0 64.4349811461,39.9963217791,0 64.4351367142,39.9964245191,0 64.4354102996,39.9966135603,0 64.4356350616,39.996833442,0 64.4357075458,39.9968921142,0 64.43577508,39.9971067089,0 64.4358448174,39.9972382146,0 64.4358875394,39.9973138164,0
						</coordinates>
					</LinearRing>
				</outerBoundaryIs>
			</Polygon>
		</Placemark>
		<Placemark>
			<name>
				8620 пахта очик 2026
			</name>
			<description>
				сарвар бахром
			</description>
			<Style>
				<LineStyle>
					<color>
						990ac2ff
					</color>
					<width>
						10.0
					</width>
				</LineStyle>
				<PolyStyle>
					<color>
						990ac2ff
					</color>
				</PolyStyle>
			</Style>
			<Polygon>
				<outerBoundaryIs>
					<LinearRing>
						<coordinates>
							64.4408165486,40.0050689966,0 64.4407561109,40.004992958,0 64.4406810091,40.0049107763,0 64.4405361698,40.0047587399,0 64.4404396103,40.0046436851,0 64.4403269575,40.0045286301,0 64.4402318271,40.0043909954,0 64.4401299031,40.0042923765,0 64.4400279792,40.0041896483,0 64.4399206908,40.0040828108,0 64.4398134024,40.0039800823,0 64.4396846564,40.0038362622,0 64.4395666392,40.0037212058,0 64.4394647153,40.0036102584,0 64.4393466981,40.0034993109,0 64.4392648027,40.0034520348,0 64.4392057941,40.0034355981,0 64.4391253278,40.0034438165,0 64.4389697597,40.0035218908,0 64.4388302848,40.00357531,0 64.4386478946,40.0036616024,0 64.4385459707,40.0036985849,0 64.4384883912,40.0037417516,0 64.4384762333,40.0038136412,0 64.4385566995,40.0039204791,0 64.4387927339,40.0041547001,0 64.4389429376,40.0043067378,0 64.4390341327,40.0044382297,0 64.4392379806,40.0046108123,0 64.4393613622,40.0047340853,0 64.4394418285,40.0048203763,0 64.4395813034,40.0049354308,0 64.4396832273,40.0050463761,0 64.4397583292,40.0051408848,0 64.4398656175,40.0052353934,0 64.4399729059,40.0053011385,0 64.4401299031,40.0053853948,0 64.4408165486,40.0050689966,0
						</coordinates>
					</LinearRing>
				</outerBoundaryIs>
			</Polygon>
		</Placemark>
		<Placemark>
			<name>
				8378 пахта очик 2026
			</name>
			<description>
				мурод мухаммадобод
			</description>
			<Style>
				<LineStyle>
					<color>
						990ac2ff
					</color>
					<width>
						10.0
					</width>
				</LineStyle>
				<PolyStyle>
					<color>
						990ac2ff
					</color>
				</PolyStyle>
			</Style>
			<Polygon>
				<outerBoundaryIs>
					<LinearRing>
						<coordinates>
							64.4336905987,40.0372227362,0 64.4341841252,40.0371323791,0 64.4347634823,40.0370255932,0 64.4353321106,40.0368448782,0 64.4361367733,40.0366805914,0 64.4366517575,40.036557376,0 64.4374135048,40.0364095173,0 64.4381108792,40.0362452295,0 64.4386580498,40.0361220134,0 64.4390442879,40.0360398692,0 64.4392159493,40.035941296,0 64.4391837628,40.035686648,0 64.439237407,40.035481286,0 64.4391944916,40.0351034182,0 64.4391193898,40.0346516171,0 64.4390764744,40.0342326716,0 64.4390228302,40.0339122997,0 64.4389799149,40.0337397912,0 64.4390335591,40.0334687055,0 64.4390121014,40.0333044106,0 64.4388297112,40.0332715515,0 64.4383898289,40.0333783433,0 64.4376924546,40.0334933497,0 64.4369950802,40.0336494294,0 64.4365230114,40.0337890794,0 64.435965112,40.0338712263,0 64.435310653,40.0340273052,0 64.4348600419,40.0341176665,0 64.4343021424,40.0342326716,0 64.4338086159,40.034314818,0 64.4333687336,40.0344216081,0 64.4329932244,40.0345283981,0 64.4328752072,40.0346023295,0 64.4327357323,40.0347091192,0 64.4324353249,40.0347501922,0 64.4324567826,40.0349391273,0 64.4326499016,40.035366283,0 64.4328752072,40.0357605781,0 64.4331112416,40.0362780871,0 64.4333258183,40.036672377,0 64.4334545643,40.0369927359,0 64.4334974797,40.0371323791,0 64.4336905987,40.0372227362,0
						</coordinates>
					</LinearRing>
				</outerBoundaryIs>
			</Polygon>
		</Placemark>
		<Placemark>
			<name>
				8369 пахта очик 2026
			</name>
			<description>
				мурод мухаммадобод
			</description>
			<Style>
				<LineStyle>
					<color>
						990ac2ff
					</color>
					<width>
						10.0
					</width>
				</LineStyle>
				<PolyStyle>
					<color>
						990ac2ff
					</color>
				</PolyStyle>
			</Style>
			<Polygon>
				<outerBoundaryIs>
					<LinearRing>
						<coordinates>
							64.4353292716,40.041430493,0 64.4356404078,40.041430493,0 64.4359193576,40.0413319276,0 64.4363270533,40.0412908587,0 64.4367669356,40.0411922931,0 64.4373033774,40.0411265826,0 64.4378290904,40.0410444444,0 64.438311888,40.0409623062,0 64.4387195838,40.0409048093,0 64.43903072,40.0408801678,0 64.4392774833,40.0408390986,0 64.4394384158,40.0407323185,0 64.4395886195,40.0406091104,0 64.4396315348,40.04050233,0 64.4396959079,40.0403626937,0 64.4396744502,40.0402394851,0 64.4396529925,40.0399848531,0 64.4396637214,40.0397220061,0 64.4396422637,40.0395659403,0 64.439620806,40.039377018,0 64.4396100772,40.0392620216,0 64.4396100772,40.0391223828,0 64.4395993483,40.0389252452,0 64.4395671618,40.0386952506,0 64.4395242465,40.0384981118,0 64.4395242465,40.0382106167,0 64.4394813311,40.0380216906,0 64.4395027888,40.0378491925,0 64.4394706023,40.0376356228,0 64.4394491446,40.0374302666,0 64.4394384158,40.037257767,0 64.4394169581,40.037060624,0 64.4393740428,40.0367402654,0 64.4393418563,40.036567764,0 64.4393203986,40.0363295471,0 64.4392452967,40.0362474032,0 64.439095093,40.0362966896,0 64.4386122954,40.036411691,0 64.438247515,40.0364938347,0 64.4377325309,40.0366006215,0 64.4374535811,40.0366909794,0 64.4367883933,40.0368388375,0 64.4363055957,40.0369456237,0 64.4359408152,40.0370195525,0 64.4355974925,40.0371016955,0 64.4349966777,40.0372331241,0 64.4346533549,40.0373152669,0 64.4342242015,40.0374220524,0 64.4339667094,40.0374877664,0 64.4337981256,40.0376365111,0 64.4340739978,40.0383584715,0 64.4341705573,40.0386788224,0 64.4343314898,40.039007386,0 64.4344602359,40.0392620216,0 64.4345567954,40.0396152243,0 64.4347391856,40.0400094949,0 64.4348893893,40.0404037633,0 64.4349537623,40.0406501798,0 64.4350503218,40.040921237,0 64.4351576102,40.0411840793,0 64.4351790679,40.0413319276,0 64.4353292716,40.041430493,0
						</coordinates>
					</LinearRing>
				</outerBoundaryIs>
			</Polygon>
		</Placemark>
		<Placemark>
			<name>
				8370 пахта очик 2026
			</name>
			<description>
				мурод мухаммадобод
			</description>
			<Style>
				<LineStyle>
					<color>
						990ac2ff
					</color>
					<width>
						10.0
					</width>
				</LineStyle>
				<PolyStyle>
					<color>
						990ac2ff
					</color>
				</PolyStyle>
			</Style>
			<Polygon>
				<outerBoundaryIs>
					<LinearRing>
						<coordinates>
							64.4305763722,40.0421902823,0 64.4307426691,40.0421902823,0 64.4309089661,40.0421656412,0 64.4311718226,40.0421327865,0 64.4313863993,40.0421204659,0 64.4316547961,40.0421574678,0 64.4320033074,40.0420547564,0 64.4322661638,40.0420301152,0 64.4324539185,40.0420013673,0 64.4326631308,40.0419685124,0 64.4328347921,40.0419356576,0 64.4329957247,40.0419069096,0 64.4331888437,40.0418822684,0 64.4333765984,40.0418494135,0 64.4335750818,40.041804238,0 64.4337521076,40.0417837037,0 64.4338862181,40.0417303144,0 64.4340847016,40.0416646044,0 64.4342295408,40.0416522838,0 64.4344333887,40.0416153219,0 64.4346050501,40.0415906807,0 64.4347874403,40.0415413981,0 64.4349591017,40.0415167568,0 64.4350610256,40.0414633673,0 64.4351093054,40.0413606951,0 64.4350878477,40.0412990917,0 64.4350342035,40.0411799916,0 64.4350127459,40.0411142811,0 64.4349751949,40.041028036,0 64.4349430084,40.0409376838,0 64.4349054575,40.0408555454,0 64.4347554297,40.040375074,0 64.4346265078,40.0400054071,0 64.4345674992,40.0398904118,0 64.4345353127,40.0397877372,0 64.4345031262,40.0396809554,0 64.4344602108,40.0395864945,0 64.4344172955,40.0395002474,0 64.4343797445,40.0394263213,0 64.434283185,40.0394427494,0 64.4341866255,40.0394797124,0 64.4339988709,40.0394920334,0 64.4337896586,40.0395207825,0 64.4335911751,40.0395618525,0 64.433398056,40.0395988155,0 64.4331673861,40.0396316715,0 64.4330064535,40.0396563134,0 64.4327918768,40.0397014904,0 64.432486105,40.0397589882,0 64.4323090792,40.0397918441,0 64.4321105957,40.039832914,0 64.4318584681,40.0398821978,0 64.4315260501,40.0399808055,0 64.4310432525,40.0400218753,0 64.4308982372,40.0400546908,0 64.4307319403,40.0400711187,0 64.4305602789,40.0401080814,0 64.4303349733,40.0401368302,0 64.4302437782,40.0401450441,0 64.430163312,40.040161472,0 64.4301686764,40.0402559321,0 64.4301954985,40.0404694936,0 64.4302491427,40.0405927019,0 64.4302384138,40.0407282307,0 64.4302491427,40.0408925077,0 64.4302866936,40.0410444636,0 64.4303510666,40.0412826641,0 64.4303617954,40.0414880086,0 64.4304100752,40.0416563907,0 64.4304368973,40.0417795968,0 64.4304798126,40.0419274439,0 64.4304690838,40.0420177947,0 64.4305012703,40.0421163591,0 64.4305763722,40.0421902823,0
						</coordinates>
					</LinearRing>
				</outerBoundaryIs>
			</Polygon>
		</Placemark>
		<Placemark>
			<name>
				8334 пахта очик 2026
			</name>
			<description>
				имомов яхшиобод
			</description>
			<Style>
				<LineStyle>
					<color>
						990ac2ff
					</color>
					<width>
						10.0
					</width>
				</LineStyle>
				<PolyStyle>
					<color>
						990ac2ff
					</color>
				</PolyStyle>
			</Style>
			<Polygon>
				<outerBoundaryIs>
					<LinearRing>
						<coordinates>
							64.4137373387,40.0383585866,0 64.413946551,40.0383175158,0 64.4142362296,40.0382394813,0 64.414472264,40.0381984105,0 64.4148799597,40.038124483,0 64.4152661978,40.038034127,0 64.4156953513,40.0379273425,0 64.4161137759,40.0378575218,0 64.4164785563,40.037787701,0 64.4168808877,40.0376932375,0 64.4172617613,40.037606988,0 64.4176587283,40.0375166314,0 64.4180717885,40.0374221674,0 64.4183453738,40.0373482391,0 64.418527764,40.0372948463,0 64.4185331284,40.0372332392,0 64.4184741198,40.0370812748,0 64.4184151112,40.0369375244,0 64.4184097468,40.036777345,0 64.4183829247,40.0366212725,0 64.4183721959,40.0364857355,0 64.4183561026,40.036346091,0 64.4183400094,40.0362351967,0 64.4183239161,40.0361160877,0 64.4183239161,40.0359764425,0 64.4183024584,40.0357628669,0 64.4182810008,40.0355369689,0 64.4182702719,40.0353644645,0 64.4182649075,40.0352001741,0 64.4182702719,40.0350440979,0 64.4182702719,40.0349373088,0 64.4182863652,40.034867485,0 64.4182917296,40.0348058757,0 64.4183120221,40.0347196637,0 64.4183400094,40.0345758672,0 64.4183292805,40.0344197896,0 64.4182810008,40.0343910384,0 64.4181629836,40.0343910384,0 64.418002051,40.0344362189,0 64.4178196608,40.0344855066,0 64.4175997197,40.0345306869,0 64.4174602448,40.0345430088,0 64.4173046767,40.0345840818,0 64.417154473,40.0346251548,0 64.4169506251,40.0346497986,0 64.4168379723,40.0346662278,0 64.4167467772,40.0346662278,0 64.4166341244,40.0346662278,0 64.4165536582,40.0346785497,0 64.4165912091,40.0347894466,0 64.4166448533,40.0349865961,0 64.4166984974,40.0351632087,0 64.4167521416,40.0353644645,0 64.4167843281,40.0355698268,0 64.4168379723,40.0357957247,0 64.4168862521,40.0360093002,0 64.4169077098,40.0361694814,0 64.4169345318,40.0363091262,0 64.4169774472,40.0364446636,0 64.4169828116,40.0365843079,0 64.4168808877,40.036633594,0 64.416730684,40.0366418084,0 64.4163283526,40.0367239518,0 64.4161352336,40.0367403805,0 64.4158401906,40.036777345,0 64.4155666052,40.0368060952,0 64.4152608334,40.0368471669,0 64.4149765193,40.0368841313,0 64.414767307,40.036925203,0 64.4145527302,40.0369539531,0 64.4143381535,40.0369868103,0 64.414177221,40.0370155604,0 64.4139894663,40.0370525248,0 64.4138124405,40.0370730605,0 64.413715881,40.0370771677,0 64.4136139571,40.0371018106,0 64.4136193215,40.0372209178,0 64.4135978638,40.0373523462,0 64.4135978638,40.037471453,0 64.4135817706,40.0376809161,0 64.4136032282,40.037824665,0 64.4136101097,40.0380013113,0 64.4136020631,40.0381327382,0 64.4136154741,40.0382169334,0 64.4136208385,40.0383011286,0 64.4136503428,40.0383463064,0 64.4137373387,40.0383585866,0
						</coordinates>
					</LinearRing>
				</outerBoundaryIs>
			</Polygon>
		</Placemark>
		<Placemark>
			<name>
				8256 пахта очик 2026
			</name>
			<description>
				&amp;lt;b&amp;gt;{&quot;xtype&quot; : 2006,&quot;xid&quot; : 5827,&quot;culture&quot; :&quot;Õëîïîê&quot;}&amp;lt;/b&amp;gt;
			</description>
			<Style>
				<LineStyle>
					<color>
						990ac2ff
					</color>
					<width>
						10.0
					</width>
				</LineStyle>
				<PolyStyle>
					<color>
						990ac2ff
					</color>
				</PolyStyle>
			</Style>
			<Polygon>
				<outerBoundaryIs>
					<LinearRing>
						<coordinates>
							64.4107379896,40.04035974,0 64.4110920412,40.0400722527,0 64.4114299995,40.0398052991,0 64.4116499407,40.0393412081,0 64.4118162376,40.0393247801,0 64.4118822428,40.0395383978,0 64.4120308144,40.0399120807,0 64.4122722132,40.0406759746,0 64.4123811337,40.0412181409,0 64.4125688883,40.0417643566,0 64.4126761767,40.0420354093,0 64.4127422979,40.0421318526,0 64.4125855257,40.0421834527,0 64.4120915502,40.0423799753,0 64.4120726281,40.0423869577,0 64.4114991742,40.0425955278,0 64.4113412432,40.0426472449,0 64.4110008461,40.0427540514,0 64.4107046071,40.0428138793,0 64.4100567085,40.0429306439,0 64.4085616681,40.0431401435,0 64.4080289585,40.043238653,0 64.4078841192,40.042762265,0 64.4086136801,40.0421626684,0 64.4089248163,40.0418751887,0 64.4095524532,40.0413577222,0 64.4099708778,40.0409922078,0 64.4103356583,40.0406759746,0 64.4108122594,40.0403798396,0 64.4107379896,40.04035974,0
						</coordinates>
					</LinearRing>
				</outerBoundaryIs>
			</Polygon>
		</Placemark>
		<Placemark>
			<name>
				8258 пахта очик 2026
			</name>
			<description>
				&amp;lt;b&amp;gt;{&quot;xtype&quot; : 2006,&quot;xid&quot; : 5826,&quot;culture&quot; :&quot;Õëîïîê&quot;}&amp;lt;/b&amp;gt;
			</description>
			<Style>
				<LineStyle>
					<color>
						990ac2ff
					</color>
					<width>
						10.0
					</width>
				</LineStyle>
				<PolyStyle>
					<color>
						990ac2ff
					</color>
				</PolyStyle>
			</Style>
			<Polygon>
				<outerBoundaryIs>
					<LinearRing>
						<coordinates>
							64.4138577638,40.0419047799,0 64.4145482835,40.0427660668,0 64.4148219678,40.0431082288,0 64.4148353986,40.0431581034,0 64.4143400316,40.0433404722,0 64.4138116506,40.0435756615,0 64.4130175902,40.0439025845,0 64.4128798812,40.0439439581,0 64.4125355722,40.0440854007,0 64.4122744661,40.0441724552,0 64.4121773339,40.0440325786,0 64.4120889469,40.0437153174,0 64.4120221257,40.0434816675,0 64.4119329886,40.0432482888,0 64.4118329468,40.0430874785,0 64.4117220453,40.0428810517,0 64.4116826524,40.0427747835,0 64.4116507325,40.0426700921,0 64.4118537464,40.0425925631,0 64.4119661625,40.0425566438,0 64.4121443514,40.042501763,0 64.4123084475,40.0424526377,0 64.4124463955,40.0424071136,0 64.4126233493,40.0423287088,0 64.4128469399,40.0422268614,0 64.4131275188,40.0421224136,0 64.413441021,40.0419908754,0 64.4136712376,40.0418925818,0 64.4138074357,40.0418696522,0 64.4138577638,40.0419047799,0
						</coordinates>
					</LinearRing>
				</outerBoundaryIs>
			</Polygon>
		</Placemark>
		<Placemark>
			<name>
				8246 пахта очик 2026
			</name>
			<description>
				&amp;lt;b&amp;gt;{&quot;xtype&quot; : 2006,&quot;xid&quot; : 5830,&quot;culture&quot; :&quot;Ïøåíèöà&quot;}&amp;lt;/b&amp;gt;
			</description>
			<Style>
				<LineStyle>
					<color>
						990ac2ff
					</color>
					<width>
						10.0
					</width>
				</LineStyle>
				<PolyStyle>
					<color>
						990ac2ff
					</color>
				</PolyStyle>
			</Style>
			<Polygon>
				<outerBoundaryIs>
					<LinearRing>
						<coordinates>
							64.4080241833,40.0432962968,0 64.408174387,40.0432511222,0 64.4086903507,40.0431993553,0 64.4090044296,40.0431555081,0 64.4098344985,40.0430252085,0 64.4104031268,40.0429471794,0 64.4114813748,40.0427541597,0 64.4116262141,40.0430293153,0 64.4118139688,40.0434728474,0 64.4120124522,40.0440067248,0 64.4120850477,40.0444831447,0 64.4113608513,40.0447459732,0 64.4109263335,40.0449143472,0 64.4102611456,40.0452182408,0 64.4096066866,40.04545232,0 64.4084962521,40.0455467728,0 64.4063851777,40.0457643838,0 64.4061223212,40.0458054501,0 64.4056502524,40.045871156,0 64.4051138106,40.045957395,0 64.4049636069,40.045904009,0 64.4056655794,40.0451527642,0 64.4062967528,40.0444560144,0 64.406852871,40.0438187871,0 64.4069625131,40.0437230991,0 64.4070090458,40.04367839,0 64.4070795061,40.043623033,0 64.4071604748,40.0440651085,0 64.4071901489,40.044119212,0 64.4072758706,40.0441267493,0 64.4076319601,40.0440752481,0 64.4080049936,40.0440335473,0 64.4081738419,40.0440129113,0 64.4081768933,40.0438342418,0 64.4080617342,40.0434852082,0 64.4080241833,40.0432962968,0
						</coordinates>
					</LinearRing>
				</outerBoundaryIs>
			</Polygon>
		</Placemark>
		<Placemark>
			<name>
				8259 пахта очик 2026
			</name>
			<description>
				&amp;lt;b&amp;gt;{&quot;xtype&quot; : 2006,&quot;xid&quot; : 5829,&quot;culture&quot; :&quot;Õëîïîê&quot;}&amp;lt;/b&amp;gt;
			</description>
			<Style>
				<LineStyle>
					<color>
						990ac2ff
					</color>
					<width>
						10.0
					</width>
				</LineStyle>
				<PolyStyle>
					<color>
						990ac2ff
					</color>
				</PolyStyle>
			</Style>
			<Polygon>
				<outerBoundaryIs>
					<LinearRing>
						<coordinates>
							64.4130937413,40.0459035281,0 64.4129390036,40.0458902898,0 64.4128907238,40.0458081573,0 64.4128370797,40.0456972784,0 64.412713698,40.0457137049,0 64.4126692972,40.0456475491,0 64.4125962148,40.0453510705,0 64.4123826699,40.0447379651,0 64.4121987139,40.0443133296,0 64.412289909,40.0442886894,0 64.41249104,40.0442200617,0 64.4127992169,40.0441305266,0 64.4130355631,40.0440094321,0 64.4132340466,40.0439314041,0 64.4134754454,40.0438246289,0 64.4136095559,40.0437342804,0 64.4137919461,40.0436603589,0 64.4141030823,40.0435659035,0 64.4145107781,40.04341806,0 64.4147950922,40.043274323,0 64.4149583689,40.0432593868,0 64.4156194445,40.0440447784,0 64.4161059757,40.0446345278,0 64.4160342728,40.0447116798,0 64.4157445942,40.044826667,0 64.4152242457,40.0450278942,0 64.4147253548,40.0452250142,0 64.4144356762,40.0453317872,0 64.4140708958,40.0454960532,0 64.414022616,40.0454467734,0 64.4138616835,40.0452619741,0 64.4136095559,40.0453194673,0 64.4135440605,40.0451298343,0 64.4133925731,40.0448800619,0 64.4132498173,40.0449332693,0 64.4133520638,40.0451510943,0 64.4131911312,40.0452168009,0 64.4132662331,40.0454673067,0 64.4131857668,40.0455247997,0 64.4130409275,40.0455863993,0 64.4131964957,40.0458369037,0 64.4130937413,40.0459035281,0
						</coordinates>
					</LinearRing>
				</outerBoundaryIs>
			</Polygon>
		</Placemark>
		<Placemark>
			<name>
				8427 пахта очик 2026
			</name>
			<description/>
			<Style>
				<LineStyle>
					<color>
						990ac2ff
					</color>
					<width>
						10.0
					</width>
				</LineStyle>
				<PolyStyle>
					<color>
						990ac2ff
					</color>
				</PolyStyle>
			</Style>
			<Polygon>
				<outerBoundaryIs>
					<LinearRing>
						<coordinates>
							64.4231642531,40.0310669942,0 64.4234136985,40.0316646347,0 64.4256613897,40.0311655745,0 64.4285569507,40.0305103806,0 64.4310606764,40.0299086659,0 64.4323776411,40.0295677358,0 64.4321296532,40.0290624553,0 64.4318077881,40.0291343388,0 64.4310701806,40.0292986438,0 64.4296164233,40.0296210911,0 64.4283033656,40.0299168811,0 64.4274921138,40.0300934634,0 64.4254736351,40.0305391769,0 64.423163,40.031007,0 64.4231642531,40.0310669942,0
						</coordinates>
					</LinearRing>
				</outerBoundaryIs>
			</Polygon>
		</Placemark>
		<Placemark>
			<name>
				8433 пахта очик 2026
			</name>
			<description/>
			<Style>
				<LineStyle>
					<color>
						990ac2ff
					</color>
					<width>
						10.0
					</width>
				</LineStyle>
				<PolyStyle>
					<color>
						990ac2ff
					</color>
				</PolyStyle>
			</Style>
			<Polygon>
				<outerBoundaryIs>
					<LinearRing>
						<coordinates>
							64.4342846017,40.0283866853,0 64.4334102015,40.0287810208,0 64.4330239634,40.0289822954,0 64.4325116615,40.0292061613,0 64.433018599,40.0302967268,0 64.433300231,40.0309005353,0 64.433784,40.03187,0 64.4360414486,40.0315187146,0 64.4357839565,40.0310401909,0 64.4350812177,40.0298017642,0 64.4344750385,40.0287563749,0 64.4342846017,40.0283866853,0
						</coordinates>
					</LinearRing>
				</outerBoundaryIs>
			</Polygon>
		</Placemark>
		<Placemark>
			<name>
				8434 пахта очик 2026
			</name>
			<description/>
			<Style>
				<LineStyle>
					<color>
						990ac2ff
					</color>
					<width>
						10.0
					</width>
				</LineStyle>
				<PolyStyle>
					<color>
						990ac2ff
					</color>
				</PolyStyle>
			</Style>
			<Polygon>
				<outerBoundaryIs>
					<LinearRing>
						<coordinates>
							64.436306,40.0315,0 64.4361033348,40.0314999623,0 64.4359102158,40.0311467175,0 64.4353657273,40.030156801,0 64.434991,40.029496,0 64.4346924929,40.0289245197,0 64.4343196658,40.0283515014,0 64.4346415309,40.0280557481,0 64.4350492267,40.0276922162,0 64.4355239777,40.0273204669,0 64.4357787875,40.0276963239,0 64.4364439753,40.0289265736,0 64.4370608834,40.030052058,0 64.437479308,40.0308222237,0 64.4377207068,40.0312863726,0 64.436926773,40.0314034363,0 64.436306,40.0315,0
						</coordinates>
					</LinearRing>
				</outerBoundaryIs>
			</Polygon>
		</Placemark>
		<Placemark>
			<name>
				8691 пахта очик 2026
			</name>
			<description>
				Unknown Area Type
			</description>
			<Style>
				<LineStyle>
					<color>
						990ac2ff
					</color>
					<width>
						10.0
					</width>
				</LineStyle>
				<PolyStyle>
					<color>
						990ac2ff
					</color>
				</PolyStyle>
			</Style>
			<Polygon>
				<outerBoundaryIs>
					<LinearRing>
						<coordinates>
							64.4030215123,40.0100748507,0 64.4029189439,40.0098537574,0 64.4028599353,40.0097387112,0 64.4028331133,40.009578468,0 64.4036229623,40.0097541912,0 64.4040949973,40.0099257551,0 64.4044605442,40.01010242,0 64.4047052309,40.0103738719,0 64.4048253186,40.0105336899,0 64.4049393382,40.0106036767,0 64.4052773203,40.0110075127,0 64.4055366388,40.0113227093,0 64.4058520867,40.0117153806,0 64.4058905912,40.0117797254,0 64.4057736503,40.0117975986,0 64.4054118502,40.0118865576,0 64.4049681516,40.0120231638,0 64.4046462865,40.0121012283,0 64.4043834301,40.0121587495,0 64.4042180395,40.0121385398,0 64.4037772508,40.0112959273,0 64.4033641906,40.0105686831,0 64.4030215123,40.0100748507,0
						</coordinates>
					</LinearRing>
				</outerBoundaryIs>
			</Polygon>
		</Placemark>
		<Placemark>
			<name>
				8693 пахта очик 2026
			</name>
			<description>
				Unknown Area Type
			</description>
			<Style>
				<LineStyle>
					<color>
						990ac2ff
					</color>
					<width>
						10.0
					</width>
				</LineStyle>
				<PolyStyle>
					<color>
						990ac2ff
					</color>
				</PolyStyle>
			</Style>
			<Polygon>
				<outerBoundaryIs>
					<LinearRing>
						<coordinates>
							64.4010751784,40.0129201344,0 64.4009341093,40.0128079132,0 64.4008429142,40.0126353513,0 64.4005637756,40.0121293218,0 64.400443007,40.011921095,0 64.4000650736,40.0112712751,0 64.3999631496,40.0110781657,0 64.3998129459,40.0107741201,0 64.3994374366,40.0101002844,0 64.399249682,40.0097469288,0 64.3991692157,40.0096154472,0 64.3991155716,40.0094223332,0 64.3991960378,40.0093565921,0 64.3998129459,40.0093524833,0 64.4003064724,40.0093113951,0 64.4006337019,40.0093031774,0 64.4007785412,40.0093976803,0 64.4009287449,40.0096688617,0 64.4011755081,40.0100550878,0 64.4012720676,40.0103591367,0 64.4016046615,40.0109179256,0 64.4019479843,40.0115712099,0 64.4022805782,40.0121464235,0 64.4024415107,40.0124463544,0 64.4025488844,40.0125943389,0 64.4022698494,40.0126723289,0 64.4010751784,40.0129201344,0
						</coordinates>
					</LinearRing>
				</outerBoundaryIs>
			</Polygon>
		</Placemark>
		<Placemark>
			<name>
				8567 пахта очик 2026
			</name>
			<description>
				Unknown Area Type
			</description>
			<Style>
				<LineStyle>
					<color>
						990ac2ff
					</color>
					<width>
						10.0
					</width>
				</LineStyle>
				<PolyStyle>
					<color>
						990ac2ff
					</color>
				</PolyStyle>
			</Style>
			<Polygon>
				<outerBoundaryIs>
					<LinearRing>
						<coordinates>
							64.4049681516,40.0132557504,0 64.4046033712,40.0133831164,0 64.4043887945,40.0134817222,0 64.4039918275,40.0136296306,0 64.4035680385,40.0138556011,0 64.4032729955,40.0139870746,0 64.4030637832,40.0140487027,0 64.402757,40.014127,0 64.402204,40.01429,0 64.401945,40.014346,0 64.4018460603,40.0143691678,0 64.4016314836,40.0139583148,0 64.401394,40.013485,0 64.4012613388,40.013309162,0 64.4011433216,40.013099624,0 64.4010735841,40.0129517145,0 64.4025273414,40.0126476772,0 64.4035787674,40.0123888335,0 64.4040240141,40.0122943348,0 64.4042439552,40.0122409224,0 64.4044263454,40.0122121619,0 64.4049788805,40.0120724677,0 64.4055045934,40.0119450993,0 64.405794272,40.0118916866,0 64.405960569,40.0118916866,0 64.4061858745,40.0122327051,0 64.4065345617,40.0126805461,0 64.4066633077,40.0128448907,0 64.4067974182,40.0130421037,0 64.4070119949,40.013309162,0 64.407158,40.013519,0 64.4070978256,40.0135844364,0 64.406577477,40.0137939729,0 64.4062448831,40.0139583148,0 64.4059122892,40.0140774624,0 64.4055421444,40.0142171525,0 64.404967,40.013277,0 64.4049681516,40.0132557504,0
						</coordinates>
					</LinearRing>
				</outerBoundaryIs>
			</Polygon>
		</Placemark>
		<Placemark>
			<name>
				8574 пахта очик 2026
			</name>
			<description>
				Unknown Area Type
			</description>
			<Style>
				<LineStyle>
					<color>
						990ac2ff
					</color>
					<width>
						10.0
					</width>
				</LineStyle>
				<PolyStyle>
					<color>
						990ac2ff
					</color>
				</PolyStyle>
			</Style>
			<Polygon>
				<outerBoundaryIs>
					<LinearRing>
						<coordinates>
							64.4065345617,40.015437374,0 64.4060757988,40.0148176457,0 64.4056949251,40.014324625,0 64.405877,40.014207,0 64.4070843093,40.0137247784,0 64.4072881572,40.0136549329,0 64.40740081,40.0137494298,0 64.408582,40.015307,0 64.409537,40.016486,0 64.409478,40.016597,0 64.408341,40.017016,0 64.407622,40.016162,0 64.40740081,40.0162186267,0 64.407198,40.016309,0 64.4068643682,40.0158570859,0 64.4065345617,40.015437374,0
						</coordinates>
					</LinearRing>
				</outerBoundaryIs>
			</Polygon>
		</Placemark>
		<Placemark>
			<name>
				348 пахта очик 2026
			</name>
			<description>
				Unknown Area Type
			</description>
			<Style>
				<LineStyle>
					<color>
						990ac2ff
					</color>
					<width>
						10.0
					</width>
				</LineStyle>
				<PolyStyle>
					<color>
						990ac2ff
					</color>
				</PolyStyle>
			</Style>
			<Polygon>
				<outerBoundaryIs>
					<LinearRing>
						<coordinates>
							64.443381,40.027939,0 64.443258,40.027154,0 64.44279,40.027167,0 64.44248,40.026386,0 64.445393,40.025877,0 64.445425,40.025934,0 64.44542,40.026592,0 64.445441,40.02731,0 64.445441,40.028777,0 64.444782,40.028847,0 64.444749,40.028629,0 64.444701,40.028621,0 64.444664,40.028276,0 64.444256,40.028321,0 64.444014,40.02784,0 64.443381,40.027939,0
						</coordinates>
					</LinearRing>
				</outerBoundaryIs>
			</Polygon>
		</Placemark>
		<Placemark>
			<name>
				8460-1 пахта очик 2026
			</name>
			<description>
				41TPE2281230439 Янгибазар, 5, Yangibozor, Buxoro Viloyati, Узбекистан
			</description>
			<Style>
				<LineStyle>
					<color>
						990ac2ff
					</color>
					<width>
						10.0
					</width>
				</LineStyle>
				<PolyStyle>
					<color>
						990ac2ff
					</color>
				</PolyStyle>
			</Style>
			<Polygon>
				<outerBoundaryIs>
					<LinearRing>
						<coordinates>
							64.4390526591,40.0152233923,0 64.4394388972,40.0151412229,0 64.4397661267,40.015124789,0 64.4402918397,40.0150220771,0 64.4406351625,40.0149727754,0 64.4411179601,40.0148988227,0 64.4417134105,40.0148084359,0 64.4419923602,40.0147796765,0 64.4422015725,40.0146276621,0 64.4424912511,40.0144879728,0 64.442759472,40.0144592133,0 64.4429472266,40.0144633218,0 64.4427755652,40.0142209191,0 64.44227131,40.0135101403,0 64.4419709025,40.013070522,0 64.4416758595,40.0126802042,0 64.441321808,40.0121542989,0 64.4411447822,40.0119159968,0 64.4410643159,40.0119899527,0 64.440731722,40.0120474739,0 64.4401845513,40.0121173211,0 64.4398251353,40.012141973,0 64.4394496261,40.0122077114,0 64.4390955745,40.0123063189,0 64.438832718,40.012339188,0 64.438344556,40.0123474053,0 64.4378939448,40.0123515139,0 64.4375452577,40.0123227534,0 64.4370785533,40.0122734497,0 64.4367352305,40.0122487978,0 64.4365582047,40.0122529065,0 64.4365582047,40.012339188,0 64.4390526591,40.0152233923,0
						</coordinates>
					</LinearRing>
				</outerBoundaryIs>
			</Polygon>
		</Placemark>
		<Placemark>
			<name>
				8552-1 пахта очик 2026
			</name>
			<description>
				41TPE1864131110 Янгибазар, 5, Yangibozor, Buxoro Viloyati, Узбекистан
			</description>
			<Style>
				<LineStyle>
					<color>
						990ac2ff
					</color>
					<width>
						50.0
					</width>
				</LineStyle>
				<PolyStyle>
					<color>
						990ac2ff
					</color>
				</PolyStyle>
			</Style>
			<Polygon>
				<outerBoundaryIs>
					<LinearRing>
						<coordinates>
							64.3903254677,40.0218687023,0 64.3906205106,40.0217783248,0 64.3911408592,40.0216057856,0 64.3914412666,40.0215071915,0 64.3918489624,40.0213798407,0 64.3924819637,40.0211826518,0 64.3922834802,40.020747191,0 64.3919616152,40.0200734538,0 64.391612928,40.0193709523,0 64.3915861059,40.0193011126,0 64.3915002752,40.0192805715,0 64.3910818506,40.0194202509,0 64.3902235437,40.0196955007,0 64.3896012712,40.0198844775,0 64.3894349743,40.0199378839,0 64.3893920589,40.0200159393,0 64.3894403387,40.0201884825,0 64.3896871019,40.0207554073,0 64.3898641277,40.0210963815,0 64.3899553228,40.0213428678,0 64.3902235437,40.0217865409,0 64.3903254677,40.0218687023,0
						</coordinates>
					</LinearRing>
				</outerBoundaryIs>
			</Polygon>
		</Placemark>
	</Document>
</kml>

